energy,intensity,line_id,technique,material
0.0,0.0,1,XPS,Gold (Au)
0.6839276990718124,0.0,1,XPS,Gold (Au)
1.3678553981436248,0.0,1,XPS,Gold (Au)
2.051783097215437,0.01,1,XPS,Gold (Au)
2.7357107962872496,0.0,1,XPS,Gold (Au)
3.419638495359062,0.01,1,XPS,Gold (Au)
4.103566194430874,0.01,1,XPS,Gold (Au)
4.7874938935026865,0.01,1,XPS,Gold (Au)
5.471421592574499,0.01,1,XPS,Gold (Au)
6.155349291646312,0.0,1,XPS,Gold (Au)
6.839276990718124,0.0,1,XPS,Gold (Au)
7.523204689789936,0.0,1,XPS,Gold (Au)
8.207132388861748,0.0,1,XPS,Gold (Au)
8.89106008793356,0.0,1,XPS,Gold (Au)
9.574987787005373,0.0,1,XPS,Gold (Au)
10.258915486077186,0.0,1,XPS,Gold (Au)
10.942843185148998,0.0,1,XPS,Gold (Au)
11.62677088422081,0.0,1,XPS,Gold (Au)
12.310698583292623,0.0,1,XPS,Gold (Au)
12.994626282364436,0.0,1,XPS,Gold (Au)
13.678553981436249,0.0,1,XPS,Gold (Au)
14.36248168050806,0.0,1,XPS,Gold (Au)
15.046409379579872,0.0,1,XPS,Gold (Au)
15.730337078651685,0.0,1,XPS,Gold (Au)
16.414264777723496,0.01,1,XPS,Gold (Au)
17.098192476795308,0.0,1,XPS,Gold (Au)
17.78212017586712,0.0,1,XPS,Gold (Au)
18.466047874938933,0.0,1,XPS,Gold (Au)
19.149975574010746,0.0,1,XPS,Gold (Au)
19.83390327308256,0.0,1,XPS,Gold (Au)
20.51783097215437,0.0,1,XPS,Gold (Au)
21.201758671226184,0.0,1,XPS,Gold (Au)
21.885686370297996,0.0,1,XPS,Gold (Au)
22.56961406936981,0.0,1,XPS,Gold (Au)
23.25354176844162,0.0,1,XPS,Gold (Au)
23.937469467513434,0.0,1,XPS,Gold (Au)
24.621397166585247,0.01,1,XPS,Gold (Au)
25.30532486565706,0.0,1,XPS,Gold (Au)
25.989252564728872,0.01,1,XPS,Gold (Au)
26.673180263800685,0.0,1,XPS,Gold (Au)
27.357107962872497,0.01,1,XPS,Gold (Au)
28.041035661944306,0.0,1,XPS,Gold (Au)
28.72496336101612,0.0,1,XPS,Gold (Au)
29.40889106008793,0.0,1,XPS,Gold (Au)
30.092818759159744,0.01,1,XPS,Gold (Au)
30.776746458231557,0.0,1,XPS,Gold (Au)
31.46067415730337,0.01,1,XPS,Gold (Au)
32.14460185637518,0.0,1,XPS,Gold (Au)
32.82852955544699,0.0,1,XPS,Gold (Au)
33.51245725451881,0.0,1,XPS,Gold (Au)
34.196384953590616,0.01,1,XPS,Gold (Au)
34.88031265266243,0.01,1,XPS,Gold (Au)
35.56424035173424,0.0,1,XPS,Gold (Au)
36.24816805080606,0.01,1,XPS,Gold (Au)
36.93209574987787,0.0,1,XPS,Gold (Au)
37.61602344894968,0.0,1,XPS,Gold (Au)
38.29995114802149,0.01,1,XPS,Gold (Au)
38.98387884709331,0.0,1,XPS,Gold (Au)
39.66780654616512,0.0,1,XPS,Gold (Au)
40.35173424523693,0.0,1,XPS,Gold (Au)
41.03566194430874,0.01,1,XPS,Gold (Au)
41.71958964338056,0.0,1,XPS,Gold (Au)
42.40351734245237,0.0,1,XPS,Gold (Au)
43.087445041524184,0.0,1,XPS,Gold (Au)
43.77137274059599,0.01,1,XPS,Gold (Au)
44.4553004396678,0.01,1,XPS,Gold (Au)
45.13922813873962,0.0,1,XPS,Gold (Au)
45.82315583781143,0.01,1,XPS,Gold (Au)
46.50708353688324,0.0,1,XPS,Gold (Au)
47.19101123595505,0.01,1,XPS,Gold (Au)
47.87493893502687,0.0,1,XPS,Gold (Au)
48.55886663409868,0.0,1,XPS,Gold (Au)
49.242794333170494,0.0,1,XPS,Gold (Au)
49.9267220322423,0.0,1,XPS,Gold (Au)
50.61064973131412,0.0,1,XPS,Gold (Au)
51.29457743038593,0.0,1,XPS,Gold (Au)
51.978505129457744,0.0,1,XPS,Gold (Au)
52.66243282852955,0.0,1,XPS,Gold (Au)
53.34636052760137,0.0,1,XPS,Gold (Au)
54.03028822667318,0.0,1,XPS,Gold (Au)
54.714215925744995,0.0,1,XPS,Gold (Au)
55.398143624816804,0.0,1,XPS,Gold (Au)
56.08207132388861,0.01,1,XPS,Gold (Au)
56.76599902296043,0.0,1,XPS,Gold (Au)
57.44992672203224,0.01,1,XPS,Gold (Au)
58.133854421104054,0.0,1,XPS,Gold (Au)
58.81778212017586,0.0,1,XPS,Gold (Au)
59.50170981924768,0.0,1,XPS,Gold (Au)
60.18563751831949,0.02,1,XPS,Gold (Au)
60.869565217391305,0.0,1,XPS,Gold (Au)
61.553492916463114,0.02,1,XPS,Gold (Au)
62.23742061553493,0.0,1,XPS,Gold (Au)
62.92134831460674,0.0,1,XPS,Gold (Au)
63.605276013678555,0.01,1,XPS,Gold (Au)
64.28920371275036,0.0,1,XPS,Gold (Au)
64.97313141182218,0.0,1,XPS,Gold (Au)
65.65705911089398,0.0,1,XPS,Gold (Au)
66.3409868099658,0.0,1,XPS,Gold (Au)
67.02491450903761,0.01,1,XPS,Gold (Au)
67.70884220810943,0.0,1,XPS,Gold (Au)
68.39276990718123,0.0,1,XPS,Gold (Au)
69.07669760625305,0.0,1,XPS,Gold (Au)
69.76062530532487,0.0,1,XPS,Gold (Au)
70.44455300439668,0.0,1,XPS,Gold (Au)
71.12848070346848,0.0,1,XPS,Gold (Au)
71.8124084025403,0.0,1,XPS,Gold (Au)
72.49633610161212,0.0,1,XPS,Gold (Au)
73.18026380068393,0.0,1,XPS,Gold (Au)
73.86419149975573,0.02,1,XPS,Gold (Au)
74.54811919882755,0.0,1,XPS,Gold (Au)
75.23204689789937,0.01,1,XPS,Gold (Au)
75.91597459697118,0.01,1,XPS,Gold (Au)
76.59990229604298,0.0,1,XPS,Gold (Au)
77.2838299951148,0.0,1,XPS,Gold (Au)
77.96775769418662,0.01,1,XPS,Gold (Au)
78.65168539325842,0.0,1,XPS,Gold (Au)
79.33561309233023,0.0,1,XPS,Gold (Au)
80.01954079140205,0.0,1,XPS,Gold (Au)
80.70346849047387,0.0,1,XPS,Gold (Au)
81.38739618954567,0.0,1,XPS,Gold (Au)
82.07132388861748,0.01,1,XPS,Gold (Au)
82.7552515876893,0.0,1,XPS,Gold (Au)
83.43917928676112,0.0,1,XPS,Gold (Au)
84.12310698583292,0.0,1,XPS,Gold (Au)
84.80703468490474,0.0,1,XPS,Gold (Au)
85.49096238397655,0.02,1,XPS,Gold (Au)
86.17489008304837,0.0,1,XPS,Gold (Au)
86.85881778212017,0.0,1,XPS,Gold (Au)
87.54274548119199,0.0,1,XPS,Gold (Au)
88.2266731802638,0.0,1,XPS,Gold (Au)
88.9106008793356,0.0,1,XPS,Gold (Au)
89.59452857840742,0.01,1,XPS,Gold (Au)
90.27845627747924,0.0,1,XPS,Gold (Au)
90.96238397655105,0.0,1,XPS,Gold (Au)
91.64631167562285,0.0,1,XPS,Gold (Au)
92.33023937469467,0.0,1,XPS,Gold (Au)
93.01416707376649,0.0,1,XPS,Gold (Au)
93.6980947728383,0.0,1,XPS,Gold (Au)
94.3820224719101,0.01,1,XPS,Gold (Au)
95.06595017098192,0.01,1,XPS,Gold (Au)
95.74987787005374,0.0,1,XPS,Gold (Au)
96.43380556912555,0.01,1,XPS,Gold (Au)
97.11773326819736,0.0,1,XPS,Gold (Au)
97.80166096726917,0.0,1,XPS,Gold (Au)
98.48558866634099,0.0,1,XPS,Gold (Au)
99.16951636541279,0.0,1,XPS,Gold (Au)
99.8534440644846,0.0,1,XPS,Gold (Au)
100.53737176355642,0.0,1,XPS,Gold (Au)
101.22129946262824,0.0,1,XPS,Gold (Au)
101.90522716170004,0.01,1,XPS,Gold (Au)
102.58915486077186,0.01,1,XPS,Gold (Au)
103.27308255984367,0.0,1,XPS,Gold (Au)
103.95701025891549,0.01,1,XPS,Gold (Au)
104.64093795798729,0.0,1,XPS,Gold (Au)
105.3248656570591,0.0,1,XPS,Gold (Au)
106.00879335613092,0.0,1,XPS,Gold (Au)
106.69272105520274,0.0,1,XPS,Gold (Au)
107.37664875427454,0.0,1,XPS,Gold (Au)
108.06057645334636,0.01,1,XPS,Gold (Au)
108.74450415241817,0.02,1,XPS,Gold (Au)
109.42843185148999,0.0,1,XPS,Gold (Au)
110.11235955056179,0.02,1,XPS,Gold (Au)
110.79628724963361,0.0,1,XPS,Gold (Au)
111.48021494870542,0.0,1,XPS,Gold (Au)
112.16414264777723,0.0,1,XPS,Gold (Au)
112.84807034684904,0.0,1,XPS,Gold (Au)
113.53199804592086,0.0,1,XPS,Gold (Au)
114.21592574499267,0.0,1,XPS,Gold (Au)
114.89985344406448,0.0,1,XPS,Gold (Au)
115.58378114313629,0.0,1,XPS,Gold (Au)
116.26770884220811,0.0,1,XPS,Gold (Au)
116.95163654127992,0.0,1,XPS,Gold (Au)
117.63556424035173,0.0,1,XPS,Gold (Au)
118.31949193942354,0.0,1,XPS,Gold (Au)
119.00341963849536,0.0,1,XPS,Gold (Au)
119.68734733756718,0.0,1,XPS,Gold (Au)
120.37127503663898,0.01,1,XPS,Gold (Au)
121.0552027357108,0.0,1,XPS,Gold (Au)
121.73913043478261,0.0,1,XPS,Gold (Au)
122.42305813385441,0.01,1,XPS,Gold (Au)
123.10698583292623,0.0,1,XPS,Gold (Au)
123.79091353199804,0.0,1,XPS,Gold (Au)
124.47484123106986,0.0,1,XPS,Gold (Au)
125.15876893014166,0.0,1,XPS,Gold (Au)
125.84269662921348,0.0,1,XPS,Gold (Au)
126.5266243282853,0.0,1,XPS,Gold (Au)
127.21055202735711,0.0,1,XPS,Gold (Au)
127.89447972642891,0.0,1,XPS,Gold (Au)
128.57840742550073,0.0,1,XPS,Gold (Au)
129.26233512457253,0.01,1,XPS,Gold (Au)
129.94626282364436,0.01,1,XPS,Gold (Au)
130.63019052271616,0.0,1,XPS,Gold (Au)
131.31411822178796,0.0,1,XPS,Gold (Au)
131.9980459208598,0.01,1,XPS,Gold (Au)
132.6819736199316,0.0,1,XPS,Gold (Au)
133.36590131900343,0.0,1,XPS,Gold (Au)
134.04982901807523,0.0,1,XPS,Gold (Au)
134.73375671714703,0.0,1,XPS,Gold (Au)
135.41768441621886,0.0,1,XPS,Gold (Au)
136.10161211529066,0.0,1,XPS,Gold (Au)
136.78553981436247,0.0,1,XPS,Gold (Au)
137.4694675134343,0.0,1,XPS,Gold (Au)
138.1533952125061,0.0,1,XPS,Gold (Au)
138.83732291157793,0.0,1,XPS,Gold (Au)
139.52125061064973,0.0,1,XPS,Gold (Au)
140.20517830972153,0.0,1,XPS,Gold (Au)
140.88910600879336,0.0,1,XPS,Gold (Au)
141.57303370786516,0.02,1,XPS,Gold (Au)
142.25696140693697,0.0,1,XPS,Gold (Au)
142.9408891060088,0.0,1,XPS,Gold (Au)
143.6248168050806,0.0,1,XPS,Gold (Au)
144.3087445041524,0.0,1,XPS,Gold (Au)
144.99267220322423,0.0,1,XPS,Gold (Au)
145.67659990229603,0.0,1,XPS,Gold (Au)
146.36052760136786,0.01,1,XPS,Gold (Au)
147.04445530043967,0.0,1,XPS,Gold (Au)
147.72838299951147,0.0,1,XPS,Gold (Au)
148.4123106985833,0.0,1,XPS,Gold (Au)
149.0962383976551,0.0,1,XPS,Gold (Au)
149.7801660967269,0.0,1,XPS,Gold (Au)
150.46409379579873,0.0,1,XPS,Gold (Au)
151.14802149487053,0.0,1,XPS,Gold (Au)
151.83194919394236,0.0,1,XPS,Gold (Au)
152.51587689301417,0.0,1,XPS,Gold (Au)
153.19980459208597,0.0,1,XPS,Gold (Au)
153.8837322911578,0.0,1,XPS,Gold (Au)
154.5676599902296,0.01,1,XPS,Gold (Au)
155.2515876893014,0.0,1,XPS,Gold (Au)
155.93551538837323,0.0,1,XPS,Gold (Au)
156.61944308744503,0.0,1,XPS,Gold (Au)
157.30337078651684,0.01,1,XPS,Gold (Au)
157.98729848558867,0.0,1,XPS,Gold (Au)
158.67122618466047,0.0,1,XPS,Gold (Au)
159.3551538837323,0.01,1,XPS,Gold (Au)
160.0390815828041,0.0,1,XPS,Gold (Au)
160.7230092818759,0.0,1,XPS,Gold (Au)
161.40693698094773,0.0,1,XPS,Gold (Au)
162.09086468001954,0.0,1,XPS,Gold (Au)
162.77479237909134,0.0,1,XPS,Gold (Au)
163.45872007816317,0.0,1,XPS,Gold (Au)
164.14264777723497,0.01,1,XPS,Gold (Au)
164.82657547630677,0.0,1,XPS,Gold (Au)
165.5105031753786,0.0,1,XPS,Gold (Au)
166.1944308744504,0.0,1,XPS,Gold (Au)
166.87835857352223,0.0,1,XPS,Gold (Au)
167.56228627259404,0.0,1,XPS,Gold (Au)
168.24621397166584,0.0,1,XPS,Gold (Au)
168.93014167073767,0.0,1,XPS,Gold (Au)
169.61406936980947,0.0,1,XPS,Gold (Au)
170.29799706888127,0.0,1,XPS,Gold (Au)
170.9819247679531,0.0,1,XPS,Gold (Au)
171.6658524670249,0.0,1,XPS,Gold (Au)
172.34978016609674,0.0,1,XPS,Gold (Au)
173.03370786516854,0.02,1,XPS,Gold (Au)
173.71763556424034,0.0,1,XPS,Gold (Au)
174.40156326331217,0.0,1,XPS,Gold (Au)
175.08549096238397,0.01,1,XPS,Gold (Au)
175.76941866145577,0.0,1,XPS,Gold (Au)
176.4533463605276,0.0,1,XPS,Gold (Au)
177.1372740595994,0.01,1,XPS,Gold (Au)
177.8212017586712,0.0,1,XPS,Gold (Au)
178.50512945774304,0.0,1,XPS,Gold (Au)
179.18905715681484,0.0,1,XPS,Gold (Au)
179.87298485588667,0.0,1,XPS,Gold (Au)
180.55691255495847,0.0,1,XPS,Gold (Au)
181.24084025403027,0.0,1,XPS,Gold (Au)
181.9247679531021,0.0,1,XPS,Gold (Au)
182.6086956521739,0.0,1,XPS,Gold (Au)
183.2926233512457,0.0,1,XPS,Gold (Au)
183.97655105031754,0.0,1,XPS,Gold (Au)
184.66047874938934,0.0,1,XPS,Gold (Au)
185.34440644846117,0.01,1,XPS,Gold (Au)
186.02833414753297,0.0,1,XPS,Gold (Au)
186.71226184660478,0.0,1,XPS,Gold (Au)
187.3961895456766,0.01,1,XPS,Gold (Au)
188.0801172447484,0.0,1,XPS,Gold (Au)
188.7640449438202,0.0,1,XPS,Gold (Au)
189.44797264289204,0.0,1,XPS,Gold (Au)
190.13190034196384,0.01,1,XPS,Gold (Au)
190.81582804103564,0.0,1,XPS,Gold (Au)
191.49975574010747,0.0,1,XPS,Gold (Au)
192.18368343917928,0.0,1,XPS,Gold (Au)
192.8676111382511,0.0,1,XPS,Gold (Au)
193.5515388373229,0.0,1,XPS,Gold (Au)
194.2354665363947,0.0,1,XPS,Gold (Au)
194.91939423546654,0.0,1,XPS,Gold (Au)
195.60332193453834,0.0,1,XPS,Gold (Au)
196.28724963361014,0.01,1,XPS,Gold (Au)
196.97117733268198,0.01,1,XPS,Gold (Au)
197.65510503175378,0.0,1,XPS,Gold (Au)
198.33903273082558,0.0,1,XPS,Gold (Au)
199.0229604298974,0.0,1,XPS,Gold (Au)
199.7068881289692,0.0,1,XPS,Gold (Au)
200.39081582804104,0.0,1,XPS,Gold (Au)
201.07474352711284,0.01,1,XPS,Gold (Au)
201.75867122618465,0.0,1,XPS,Gold (Au)
202.44259892525648,0.01,1,XPS,Gold (Au)
203.12652662432828,0.0,1,XPS,Gold (Au)
203.81045432340008,0.0,1,XPS,Gold (Au)
204.4943820224719,0.03,1,XPS,Gold (Au)
205.1783097215437,0.01,1,XPS,Gold (Au)
205.86223742061554,0.0,1,XPS,Gold (Au)
206.54616511968734,0.0,1,XPS,Gold (Au)
207.23009281875915,0.0,1,XPS,Gold (Au)
207.91402051783098,0.02,1,XPS,Gold (Au)
208.59794821690278,0.0,1,XPS,Gold (Au)
209.28187591597458,0.0,1,XPS,Gold (Au)
209.9658036150464,0.01,1,XPS,Gold (Au)
210.6497313141182,0.0,1,XPS,Gold (Au)
211.33365901319002,0.0,1,XPS,Gold (Au)
212.01758671226185,0.0,1,XPS,Gold (Au)
212.70151441133365,0.0,1,XPS,Gold (Au)
213.38544211040548,0.01,1,XPS,Gold (Au)
214.06936980947728,0.0,1,XPS,Gold (Au)
214.75329750854908,0.0,1,XPS,Gold (Au)
215.4372252076209,0.0,1,XPS,Gold (Au)
216.1211529066927,0.01,1,XPS,Gold (Au)
216.80508060576452,0.0,1,XPS,Gold (Au)
217.48900830483635,0.0,1,XPS,Gold (Au)
218.17293600390815,0.0,1,XPS,Gold (Au)
218.85686370297998,0.0,1,XPS,Gold (Au)
219.54079140205178,0.0,1,XPS,Gold (Au)
220.22471910112358,0.0,1,XPS,Gold (Au)
220.9086468001954,0.0,1,XPS,Gold (Au)
221.59257449926722,0.0,1,XPS,Gold (Au)
222.27650219833902,0.0,1,XPS,Gold (Au)
222.96042989741085,0.0,1,XPS,Gold (Au)
223.64435759648265,0.0,1,XPS,Gold (Au)
224.32828529555445,0.01,1,XPS,Gold (Au)
225.01221299462628,0.0,1,XPS,Gold (Au)
225.69614069369808,0.0,1,XPS,Gold (Au)
226.3800683927699,0.0,1,XPS,Gold (Au)
227.06399609184172,0.0,1,XPS,Gold (Au)
227.74792379091352,0.01,1,XPS,Gold (Au)
228.43185148998535,0.0,1,XPS,Gold (Au)
229.11577918905715,0.01,1,XPS,Gold (Au)
229.79970688812895,0.0,1,XPS,Gold (Au)
230.48363458720078,0.0,1,XPS,Gold (Au)
231.16756228627258,0.0,1,XPS,Gold (Au)
231.8514899853444,0.0,1,XPS,Gold (Au)
232.53541768441622,0.01,1,XPS,Gold (Au)
233.21934538348802,0.0,1,XPS,Gold (Au)
233.90327308255985,0.0,1,XPS,Gold (Au)
234.58720078163165,0.01,1,XPS,Gold (Au)
235.27112848070345,0.0,1,XPS,Gold (Au)
235.95505617977528,0.0,1,XPS,Gold (Au)
236.63898387884709,0.0,1,XPS,Gold (Au)
237.3229115779189,0.0,1,XPS,Gold (Au)
238.00683927699072,0.0,1,XPS,Gold (Au)
238.69076697606252,0.0,1,XPS,Gold (Au)
239.37469467513435,0.0,1,XPS,Gold (Au)
240.05862237420615,0.0,1,XPS,Gold (Au)
240.74255007327795,0.0,1,XPS,Gold (Au)
241.42647777234978,0.0,1,XPS,Gold (Au)
242.1104054714216,0.01,1,XPS,Gold (Au)
242.7943331704934,0.0,1,XPS,Gold (Au)
243.47826086956522,0.0,1,XPS,Gold (Au)
244.16218856863702,0.01,1,XPS,Gold (Au)
244.84611626770882,0.0,1,XPS,Gold (Au)
245.53004396678065,0.0,1,XPS,Gold (Au)
246.21397166585245,0.0,1,XPS,Gold (Au)
246.89789936492429,0.0,1,XPS,Gold (Au)
247.5818270639961,0.0,1,XPS,Gold (Au)
248.2657547630679,0.0,1,XPS,Gold (Au)
248.94968246213972,0.0,1,XPS,Gold (Au)
249.63361016121152,0.0,1,XPS,Gold (Au)
250.31753786028332,0.0,1,XPS,Gold (Au)
251.00146555935515,0.0,1,XPS,Gold (Au)
251.68539325842696,0.0,1,XPS,Gold (Au)
252.36932095749876,0.0,1,XPS,Gold (Au)
253.0532486565706,0.0,1,XPS,Gold (Au)
253.7371763556424,0.0,1,XPS,Gold (Au)
254.42110405471422,0.02,1,XPS,Gold (Au)
255.10503175378602,0.0,1,XPS,Gold (Au)
255.78895945285782,0.0,1,XPS,Gold (Au)
256.4728871519296,0.01,1,XPS,Gold (Au)
257.15681485100146,0.0,1,XPS,Gold (Au)
257.8407425500733,0.01,1,XPS,Gold (Au)
258.52467024914506,0.01,1,XPS,Gold (Au)
259.2085979482169,0.0,1,XPS,Gold (Au)
259.8925256472887,0.01,1,XPS,Gold (Au)
260.5764533463605,0.0,1,XPS,Gold (Au)
261.2603810454323,0.0,1,XPS,Gold (Au)
261.94430874450416,0.01,1,XPS,Gold (Au)
262.62823644357593,0.0,1,XPS,Gold (Au)
263.31216414264776,0.0,1,XPS,Gold (Au)
263.9960918417196,0.0,1,XPS,Gold (Au)
264.6800195407914,0.0,1,XPS,Gold (Au)
265.3639472398632,0.0,1,XPS,Gold (Au)
266.047874938935,0.0,1,XPS,Gold (Au)
266.73180263800685,0.01,1,XPS,Gold (Au)
267.4157303370786,0.0,1,XPS,Gold (Au)
268.09965803615046,0.0,1,XPS,Gold (Au)
268.7835857352223,0.0,1,XPS,Gold (Au)
269.46751343429406,0.01,1,XPS,Gold (Au)
270.1514411333659,0.0,1,XPS,Gold (Au)
270.8353688324377,0.0,1,XPS,Gold (Au)
271.5192965315095,0.0,1,XPS,Gold (Au)
272.2032242305813,0.0,1,XPS,Gold (Au)
272.88715192965316,0.0,1,XPS,Gold (Au)
273.57107962872493,0.0,1,XPS,Gold (Au)
274.25500732779676,0.0,1,XPS,Gold (Au)
274.9389350268686,0.0,1,XPS,Gold (Au)
275.62286272594037,0.0,1,XPS,Gold (Au)
276.3067904250122,0.01,1,XPS,Gold (Au)
276.990718124084,0.0,1,XPS,Gold (Au)
277.67464582315586,0.0,1,XPS,Gold (Au)
278.35857352222763,0.0,1,XPS,Gold (Au)
279.04250122129946,0.0,1,XPS,Gold (Au)
279.7264289203713,0.01,1,XPS,Gold (Au)
280.41035661944306,0.01,1,XPS,Gold (Au)
281.0942843185149,0.0,1,XPS,Gold (Au)
281.7782120175867,0.01,1,XPS,Gold (Au)
282.4621397166585,0.01,1,XPS,Gold (Au)
283.14606741573033,0.01,1,XPS,Gold (Au)
283.82999511480216,0.0,1,XPS,Gold (Au)
284.51392281387393,0.0,1,XPS,Gold (Au)
285.19785051294576,0.0,1,XPS,Gold (Au)
285.8817782120176,0.0,1,XPS,Gold (Au)
286.56570591108937,0.0,1,XPS,Gold (Au)
287.2496336101612,0.0,1,XPS,Gold (Au)
287.933561309233,0.0,1,XPS,Gold (Au)
288.6174890083048,0.01,1,XPS,Gold (Au)
289.30141670737663,0.0,1,XPS,Gold (Au)
289.98534440644846,0.0,1,XPS,Gold (Au)
290.6692721055203,0.0,1,XPS,Gold (Au)
291.35319980459207,0.0,1,XPS,Gold (Au)
292.0371275036639,0.0,1,XPS,Gold (Au)
292.7210552027357,0.01,1,XPS,Gold (Au)
293.4049829018075,0.0,1,XPS,Gold (Au)
294.08891060087933,0.0,1,XPS,Gold (Au)
294.77283829995116,0.0,1,XPS,Gold (Au)
295.45676599902293,0.0,1,XPS,Gold (Au)
296.14069369809476,0.0,1,XPS,Gold (Au)
296.8246213971666,0.0,1,XPS,Gold (Au)
297.50854909623837,0.0,1,XPS,Gold (Au)
298.1924767953102,0.0,1,XPS,Gold (Au)
298.87640449438203,0.0,1,XPS,Gold (Au)
299.5603321934538,0.01,1,XPS,Gold (Au)
300.24425989252563,0.02,1,XPS,Gold (Au)
300.92818759159746,0.0,1,XPS,Gold (Au)
301.61211529066924,0.0,1,XPS,Gold (Au)
302.29604298974107,0.02,1,XPS,Gold (Au)
302.9799706888129,0.0,1,XPS,Gold (Au)
303.66389838788473,0.01,1,XPS,Gold (Au)
304.3478260869565,0.01,1,XPS,Gold (Au)
305.03175378602833,0.0,1,XPS,Gold (Au)
305.71568148510016,0.0,1,XPS,Gold (Au)
306.39960918417194,0.0,1,XPS,Gold (Au)
307.08353688324377,0.0,1,XPS,Gold (Au)
307.7674645823156,0.0,1,XPS,Gold (Au)
308.45139228138737,0.0,1,XPS,Gold (Au)
309.1353199804592,0.02,1,XPS,Gold (Au)
309.81924767953103,0.01,1,XPS,Gold (Au)
310.5031753786028,0.0,1,XPS,Gold (Au)
311.18710307767464,0.0,1,XPS,Gold (Au)
311.87103077674647,0.0,1,XPS,Gold (Au)
312.55495847581824,0.01,1,XPS,Gold (Au)
313.23888617489007,0.0,1,XPS,Gold (Au)
313.9228138739619,0.0,1,XPS,Gold (Au)
314.6067415730337,0.0,1,XPS,Gold (Au)
315.2906692721055,0.0,1,XPS,Gold (Au)
315.97459697117733,0.0,1,XPS,Gold (Au)
316.65852467024916,0.0,1,XPS,Gold (Au)
317.34245236932094,0.0,1,XPS,Gold (Au)
318.02638006839277,0.01,1,XPS,Gold (Au)
318.7103077674646,0.0,1,XPS,Gold (Au)
319.3942354665364,0.0,1,XPS,Gold (Au)
320.0781631656082,0.0,1,XPS,Gold (Au)
320.76209086468003,0.0,1,XPS,Gold (Au)
321.4460185637518,0.0,1,XPS,Gold (Au)
322.12994626282364,0.01,1,XPS,Gold (Au)
322.81387396189547,0.02,1,XPS,Gold (Au)
323.49780166096724,0.0,1,XPS,Gold (Au)
324.18172936003907,0.0,1,XPS,Gold (Au)
324.8656570591109,0.02,1,XPS,Gold (Au)
325.5495847581827,0.01,1,XPS,Gold (Au)
326.2335124572545,0.02,1,XPS,Gold (Au)
326.91744015632634,0.0,1,XPS,Gold (Au)
327.6013678553981,0.0,1,XPS,Gold (Au)
328.28529555446994,0.0,1,XPS,Gold (Au)
328.96922325354177,0.01,1,XPS,Gold (Au)
329.65315095261354,0.0,1,XPS,Gold (Au)
330.3370786516854,0.0,1,XPS,Gold (Au)
331.0210063507572,0.01,1,XPS,Gold (Au)
331.70493404982903,0.0,1,XPS,Gold (Au)
332.3888617489008,0.0,1,XPS,Gold (Au)
333.07278944797264,0.02,1,XPS,Gold (Au)
333.75671714704447,0.0,1,XPS,Gold (Au)
334.44064484611624,0.0,1,XPS,Gold (Au)
335.1245725451881,0.0,1,XPS,Gold (Au)
335.8085002442599,0.0,1,XPS,Gold (Au)
336.4924279433317,0.01,1,XPS,Gold (Au)
337.1763556424035,0.01,1,XPS,Gold (Au)
337.86028334147534,0.0,1,XPS,Gold (Au)
338.5442110405471,0.0,1,XPS,Gold (Au)
339.22813873961894,0.0,1,XPS,Gold (Au)
339.9120664386908,0.0,1,XPS,Gold (Au)
340.59599413776255,0.0,1,XPS,Gold (Au)
341.2799218368344,0.0,1,XPS,Gold (Au)
341.9638495359062,0.0,1,XPS,Gold (Au)
342.647777234978,0.0,1,XPS,Gold (Au)
343.3317049340498,0.01,1,XPS,Gold (Au)
344.01563263312164,0.01,1,XPS,Gold (Au)
344.69956033219347,0.01,1,XPS,Gold (Au)
345.38348803126524,0.01,1,XPS,Gold (Au)
346.0674157303371,0.0,1,XPS,Gold (Au)
346.7513434294089,0.0,1,XPS,Gold (Au)
347.4352711284807,0.0,1,XPS,Gold (Au)
348.1191988275525,0.0,1,XPS,Gold (Au)
348.80312652662434,0.0,1,XPS,Gold (Au)
349.4870542256961,0.0,1,XPS,Gold (Au)
350.17098192476794,0.01,1,XPS,Gold (Au)
350.8549096238398,0.0,1,XPS,Gold (Au)
351.53883732291155,0.0,1,XPS,Gold (Au)
352.2227650219834,0.0,1,XPS,Gold (Au)
352.9066927210552,0.0,1,XPS,Gold (Au)
353.590620420127,0.0,1,XPS,Gold (Au)
354.2745481191988,0.02,1,XPS,Gold (Au)
354.95847581827064,0.0,1,XPS,Gold (Au)
355.6424035173424,0.0,1,XPS,Gold (Au)
356.32633121641425,0.0,1,XPS,Gold (Au)
357.0102589154861,0.0,1,XPS,Gold (Au)
357.6941866145579,0.0,1,XPS,Gold (Au)
358.3781143136297,0.0,1,XPS,Gold (Au)
359.0620420127015,0.0,1,XPS,Gold (Au)
359.74596971177334,0.0,1,XPS,Gold (Au)
360.4298974108451,0.0,1,XPS,Gold (Au)
361.11382510991695,0.0,1,XPS,Gold (Au)
361.7977528089888,0.0,1,XPS,Gold (Au)
362.48168050806055,0.0,1,XPS,Gold (Au)
363.1656082071324,0.0,1,XPS,Gold (Au)
363.8495359062042,0.0,1,XPS,Gold (Au)
364.533463605276,0.01,1,XPS,Gold (Au)
365.2173913043478,0.0,1,XPS,Gold (Au)
365.90131900341964,0.0,1,XPS,Gold (Au)
366.5852467024914,0.0,1,XPS,Gold (Au)
367.26917440156325,0.01,1,XPS,Gold (Au)
367.9531021006351,0.0,1,XPS,Gold (Au)
368.63702979970685,0.01,1,XPS,Gold (Au)
369.3209574987787,0.0,1,XPS,Gold (Au)
370.0048851978505,0.0,1,XPS,Gold (Au)
370.68881289692234,0.0,1,XPS,Gold (Au)
371.3727405959941,0.0,1,XPS,Gold (Au)
372.05666829506595,0.0,1,XPS,Gold (Au)
372.7405959941378,0.01,1,XPS,Gold (Au)
373.42452369320955,0.0,1,XPS,Gold (Au)
374.1084513922814,0.0,1,XPS,Gold (Au)
374.7923790913532,0.01,1,XPS,Gold (Au)
375.476306790425,0.0,1,XPS,Gold (Au)
376.1602344894968,0.0,1,XPS,Gold (Au)
376.84416218856865,0.0,1,XPS,Gold (Au)
377.5280898876404,0.0,1,XPS,Gold (Au)
378.21201758671225,0.0,1,XPS,Gold (Au)
378.8959452857841,0.0,1,XPS,Gold (Au)
379.57987298485585,0.0,1,XPS,Gold (Au)
380.2638006839277,0.01,1,XPS,Gold (Au)
380.9477283829995,0.01,1,XPS,Gold (Au)
381.6316560820713,0.0,1,XPS,Gold (Au)
382.3155837811431,0.0,1,XPS,Gold (Au)
382.99951148021495,0.0,1,XPS,Gold (Au)
383.6834391792867,0.0,1,XPS,Gold (Au)
384.36736687835855,0.0,1,XPS,Gold (Au)
385.0512945774304,0.0,1,XPS,Gold (Au)
385.7352222765022,0.0,1,XPS,Gold (Au)
386.419149975574,0.0,1,XPS,Gold (Au)
387.1030776746458,0.0,1,XPS,Gold (Au)
387.78700537371765,0.0,1,XPS,Gold (Au)
388.4709330727894,0.0,1,XPS,Gold (Au)
389.15486077186125,0.01,1,XPS,Gold (Au)
389.8387884709331,0.0,1,XPS,Gold (Au)
390.52271617000486,0.0,1,XPS,Gold (Au)
391.2066438690767,0.0,1,XPS,Gold (Au)
391.8905715681485,0.01,1,XPS,Gold (Au)
392.5744992672203,0.0,1,XPS,Gold (Au)
393.2584269662921,0.0,1,XPS,Gold (Au)
393.94235466536395,0.0,1,XPS,Gold (Au)
394.6262823644357,0.01,1,XPS,Gold (Au)
395.31021006350755,0.0,1,XPS,Gold (Au)
395.9941377625794,0.0,1,XPS,Gold (Au)
396.67806546165116,0.0,1,XPS,Gold (Au)
397.361993160723,0.0,1,XPS,Gold (Au)
398.0459208597948,0.0,1,XPS,Gold (Au)
398.72984855886665,0.0,1,XPS,Gold (Au)
399.4137762579384,0.01,1,XPS,Gold (Au)
400.09770395701025,0.0,1,XPS,Gold (Au)
400.7816316560821,0.0,1,XPS,Gold (Au)
401.46555935515386,0.01,1,XPS,Gold (Au)
402.1494870542257,0.0,1,XPS,Gold (Au)
402.8334147532975,0.0,1,XPS,Gold (Au)
403.5173424523693,0.0,1,XPS,Gold (Au)
404.2012701514411,0.0,1,XPS,Gold (Au)
404.88519785051295,0.0,1,XPS,Gold (Au)
405.5691255495847,0.0,1,XPS,Gold (Au)
406.25305324865656,0.0,1,XPS,Gold (Au)
406.9369809477284,0.0,1,XPS,Gold (Au)
407.62090864680016,0.02,1,XPS,Gold (Au)
408.304836345872,0.0,1,XPS,Gold (Au)
408.9887640449438,0.0,1,XPS,Gold (Au)
409.6726917440156,0.0,1,XPS,Gold (Au)
410.3566194430874,0.01,1,XPS,Gold (Au)
411.04054714215926,0.0,1,XPS,Gold (Au)
411.7244748412311,0.01,1,XPS,Gold (Au)
412.40840254030286,0.0,1,XPS,Gold (Au)
413.0923302393747,0.0,1,XPS,Gold (Au)
413.7762579384465,0.0,1,XPS,Gold (Au)
414.4601856375183,0.0,1,XPS,Gold (Au)
415.1441133365901,0.0,1,XPS,Gold (Au)
415.82804103566195,0.01,1,XPS,Gold (Au)
416.5119687347337,0.01,1,XPS,Gold (Au)
417.19589643380556,0.0,1,XPS,Gold (Au)
417.8798241328774,0.0,1,XPS,Gold (Au)
418.56375183194916,0.02,1,XPS,Gold (Au)
419.247679531021,0.01,1,XPS,Gold (Au)
419.9316072300928,0.01,1,XPS,Gold (Au)
420.6155349291646,0.01,1,XPS,Gold (Au)
421.2994626282364,0.0,1,XPS,Gold (Au)
421.98339032730826,0.01,1,XPS,Gold (Au)
422.66731802638003,0.0,1,XPS,Gold (Au)
423.35124572545186,0.0,1,XPS,Gold (Au)
424.0351734245237,0.0,1,XPS,Gold (Au)
424.7191011235955,0.0,1,XPS,Gold (Au)
425.4030288226673,0.0,1,XPS,Gold (Au)
426.0869565217391,0.01,1,XPS,Gold (Au)
426.77088422081096,0.0,1,XPS,Gold (Au)
427.45481191988273,0.0,1,XPS,Gold (Au)
428.13873961895456,0.0,1,XPS,Gold (Au)
428.8226673180264,0.01,1,XPS,Gold (Au)
429.50659501709816,0.01,1,XPS,Gold (Au)
430.19052271617,0.0,1,XPS,Gold (Au)
430.8744504152418,0.0,1,XPS,Gold (Au)
431.5583781143136,0.0,1,XPS,Gold (Au)
432.2423058133854,0.0,1,XPS,Gold (Au)
432.92623351245726,0.0,1,XPS,Gold (Au)
433.61016121152903,0.0,1,XPS,Gold (Au)
434.29408891060086,0.0,1,XPS,Gold (Au)
434.9780166096727,0.0,1,XPS,Gold (Au)
435.66194430874447,0.0,1,XPS,Gold (Au)
436.3458720078163,0.0,1,XPS,Gold (Au)
437.0297997068881,0.0,1,XPS,Gold (Au)
437.71372740595996,0.01,1,XPS,Gold (Au)
438.39765510503173,0.0,1,XPS,Gold (Au)
439.08158280410356,0.01,1,XPS,Gold (Au)
439.7655105031754,0.0,1,XPS,Gold (Au)
440.44943820224717,0.0,1,XPS,Gold (Au)
441.133365901319,0.0,1,XPS,Gold (Au)
441.8172936003908,0.01,1,XPS,Gold (Au)
442.5012212994626,0.01,1,XPS,Gold (Au)
443.18514899853443,0.0,1,XPS,Gold (Au)
443.86907669760626,0.0,1,XPS,Gold (Au)
444.55300439667803,0.0,1,XPS,Gold (Au)
445.23693209574986,0.0,1,XPS,Gold (Au)
445.9208597948217,0.0,1,XPS,Gold (Au)
446.60478749389347,0.0,1,XPS,Gold (Au)
447.2887151929653,0.0,1,XPS,Gold (Au)
447.97264289203713,0.01,1,XPS,Gold (Au)
448.6565705911089,0.0,1,XPS,Gold (Au)
449.34049829018073,0.0,1,XPS,Gold (Au)
450.02442598925256,0.0,1,XPS,Gold (Au)
450.70835368832434,0.01,1,XPS,Gold (Au)
451.39228138739617,0.0,1,XPS,Gold (Au)
452.076209086468,0.0,1,XPS,Gold (Au)
452.7601367855398,0.0,1,XPS,Gold (Au)
453.4440644846116,0.0,1,XPS,Gold (Au)
454.12799218368343,0.01,1,XPS,Gold (Au)
454.81191988275526,0.0,1,XPS,Gold (Au)
455.49584758182704,0.0,1,XPS,Gold (Au)
456.17977528089887,0.0,1,XPS,Gold (Au)
456.8637029799707,0.01,1,XPS,Gold (Au)
457.54763067904247,0.01,1,XPS,Gold (Au)
458.2315583781143,0.0,1,XPS,Gold (Au)
458.91548607718613,0.0,1,XPS,Gold (Au)
459.5994137762579,0.0,1,XPS,Gold (Au)
460.28334147532973,0.0,1,XPS,Gold (Au)
460.96726917440157,0.0,1,XPS,Gold (Au)
461.65119687347334,0.0,1,XPS,Gold (Au)
462.33512457254517,0.0,1,XPS,Gold (Au)
463.019052271617,0.01,1,XPS,Gold (Au)
463.7029799706888,0.0,1,XPS,Gold (Au)
464.3869076697606,0.01,1,XPS,Gold (Au)
465.07083536883243,0.0,1,XPS,Gold (Au)
465.75476306790426,0.01,1,XPS,Gold (Au)
466.43869076697604,0.0,1,XPS,Gold (Au)
467.12261846604787,0.0,1,XPS,Gold (Au)
467.8065461651197,0.01,1,XPS,Gold (Au)
468.4904738641915,0.0,1,XPS,Gold (Au)
469.1744015632633,0.0,1,XPS,Gold (Au)
469.85832926233513,0.0,1,XPS,Gold (Au)
470.5422569614069,0.0,1,XPS,Gold (Au)
471.22618466047874,0.0,1,XPS,Gold (Au)
471.91011235955057,0.01,1,XPS,Gold (Au)
472.59404005862234,0.0,1,XPS,Gold (Au)
473.27796775769417,0.0,1,XPS,Gold (Au)
473.961895456766,0.0,1,XPS,Gold (Au)
474.6458231558378,0.01,1,XPS,Gold (Au)
475.3297508549096,0.0,1,XPS,Gold (Au)
476.01367855398144,0.0,1,XPS,Gold (Au)
476.6976062530532,0.0,1,XPS,Gold (Au)
477.38153395212504,0.0,1,XPS,Gold (Au)
478.06546165119687,0.0,1,XPS,Gold (Au)
478.7493893502687,0.0,1,XPS,Gold (Au)
479.4333170493405,0.0,1,XPS,Gold (Au)
480.1172447484123,0.0,1,XPS,Gold (Au)
480.80117244748413,0.0,1,XPS,Gold (Au)
481.4851001465559,0.01,1,XPS,Gold (Au)
482.16902784562774,0.0,1,XPS,Gold (Au)
482.85295554469957,0.0,1,XPS,Gold (Au)
483.53688324377134,0.0,1,XPS,Gold (Au)
484.2208109428432,0.0,1,XPS,Gold (Au)
484.904738641915,0.0,1,XPS,Gold (Au)
485.5886663409868,0.0,1,XPS,Gold (Au)
486.2725940400586,0.0,1,XPS,Gold (Au)
486.95652173913044,0.0,1,XPS,Gold (Au)
487.6404494382022,0.0,1,XPS,Gold (Au)
488.32437713727404,0.0,1,XPS,Gold (Au)
489.00830483634587,0.0,1,XPS,Gold (Au)
489.69223253541765,0.0,1,XPS,Gold (Au)
490.3761602344895,0.0,1,XPS,Gold (Au)
491.0600879335613,0.0,1,XPS,Gold (Au)
491.74401563263314,0.01,1,XPS,Gold (Au)
492.4279433317049,0.01,1,XPS,Gold (Au)
493.11187103077674,0.0,1,XPS,Gold (Au)
493.79579872984857,0.0,1,XPS,Gold (Au)
494.47972642892034,0.01,1,XPS,Gold (Au)
495.1636541279922,0.0,1,XPS,Gold (Au)
495.847581827064,0.0,1,XPS,Gold (Au)
496.5315095261358,0.0,1,XPS,Gold (Au)
497.2154372252076,0.0,1,XPS,Gold (Au)
497.89936492427944,0.02,1,XPS,Gold (Au)
498.5832926233512,0.01,1,XPS,Gold (Au)
499.26722032242304,0.0,1,XPS,Gold (Au)
499.9511480214949,0.0,1,XPS,Gold (Au)
500.63507572056665,0.0,1,XPS,Gold (Au)
501.3190034196385,0.01,1,XPS,Gold (Au)
502.0029311187103,0.0,1,XPS,Gold (Au)
502.6868588177821,0.0,1,XPS,Gold (Au)
503.3707865168539,0.0,1,XPS,Gold (Au)
504.05471421592574,0.0,1,XPS,Gold (Au)
504.7386419149975,0.02,1,XPS,Gold (Au)
505.42256961406935,0.0,1,XPS,Gold (Au)
506.1064973131412,0.0,1,XPS,Gold (Au)
506.790425012213,0.0,1,XPS,Gold (Au)
507.4743527112848,0.0,1,XPS,Gold (Au)
508.1582804103566,0.0,1,XPS,Gold (Au)
508.84220810942844,0.0,1,XPS,Gold (Au)
509.5261358085002,0.0,1,XPS,Gold (Au)
510.21006350757204,0.0,1,XPS,Gold (Au)
510.8939912066439,0.0,1,XPS,Gold (Au)
511.57791890571565,0.0,1,XPS,Gold (Au)
512.2618466047875,0.0,1,XPS,Gold (Au)
512.9457743038593,0.01,1,XPS,Gold (Au)
513.6297020029311,0.01,1,XPS,Gold (Au)
514.3136297020029,0.0,1,XPS,Gold (Au)
514.9975574010747,0.0,1,XPS,Gold (Au)
515.6814851001466,0.01,1,XPS,Gold (Au)
516.3654127992183,0.0,1,XPS,Gold (Au)
517.0493404982901,0.0,1,XPS,Gold (Au)
517.733268197362,0.0,1,XPS,Gold (Au)
518.4171958964338,0.0,1,XPS,Gold (Au)
519.1011235955056,0.01,1,XPS,Gold (Au)
519.7850512945774,0.0,1,XPS,Gold (Au)
520.4689789936492,0.0,1,XPS,Gold (Au)
521.152906692721,0.0,1,XPS,Gold (Au)
521.8368343917929,0.0,1,XPS,Gold (Au)
522.5207620908647,0.0,1,XPS,Gold (Au)
523.2046897899364,0.0,1,XPS,Gold (Au)
523.8886174890083,0.0,1,XPS,Gold (Au)
524.5725451880801,0.0,1,XPS,Gold (Au)
525.2564728871519,0.01,1,XPS,Gold (Au)
525.9404005862237,0.0,1,XPS,Gold (Au)
526.6243282852955,0.0,1,XPS,Gold (Au)
527.3082559843674,0.0,1,XPS,Gold (Au)
527.9921836834392,0.0,1,XPS,Gold (Au)
528.676111382511,0.0,1,XPS,Gold (Au)
529.3600390815828,0.0,1,XPS,Gold (Au)
530.0439667806546,0.01,1,XPS,Gold (Au)
530.7278944797264,0.0,1,XPS,Gold (Au)
531.4118221787983,0.0,1,XPS,Gold (Au)
532.09574987787,0.0,1,XPS,Gold (Au)
532.7796775769418,0.0,1,XPS,Gold (Au)
533.4636052760137,0.01,1,XPS,Gold (Au)
534.1475329750855,0.0,1,XPS,Gold (Au)
534.8314606741573,0.0,1,XPS,Gold (Au)
535.5153883732291,0.0,1,XPS,Gold (Au)
536.1993160723009,0.0,1,XPS,Gold (Au)
536.8832437713727,0.0,1,XPS,Gold (Au)
537.5671714704446,0.0,1,XPS,Gold (Au)
538.2510991695164,0.0,1,XPS,Gold (Au)
538.9350268685881,0.0,1,XPS,Gold (Au)
539.61895456766,0.01,1,XPS,Gold (Au)
540.3028822667318,0.01,1,XPS,Gold (Au)
540.9868099658036,0.0,1,XPS,Gold (Au)
541.6707376648754,0.0,1,XPS,Gold (Au)
542.3546653639472,0.0,1,XPS,Gold (Au)
543.038593063019,0.0,1,XPS,Gold (Au)
543.7225207620909,0.0,1,XPS,Gold (Au)
544.4064484611627,0.01,1,XPS,Gold (Au)
545.0903761602344,0.0,1,XPS,Gold (Au)
545.7743038593063,0.0,1,XPS,Gold (Au)
546.4582315583781,0.0,1,XPS,Gold (Au)
547.1421592574499,0.01,1,XPS,Gold (Au)
547.8260869565217,0.0,1,XPS,Gold (Au)
548.5100146555935,0.0,1,XPS,Gold (Au)
549.1939423546653,0.0,1,XPS,Gold (Au)
549.8778700537372,0.01,1,XPS,Gold (Au)
550.561797752809,0.0,1,XPS,Gold (Au)
551.2457254518807,0.01,1,XPS,Gold (Au)
551.9296531509526,0.0,1,XPS,Gold (Au)
552.6135808500244,0.0,1,XPS,Gold (Au)
553.2975085490963,0.0,1,XPS,Gold (Au)
553.981436248168,0.0,1,XPS,Gold (Au)
554.6653639472398,0.0,1,XPS,Gold (Au)
555.3492916463117,0.0,1,XPS,Gold (Au)
556.0332193453835,0.0,1,XPS,Gold (Au)
556.7171470444553,0.0,1,XPS,Gold (Au)
557.4010747435271,0.01,1,XPS,Gold (Au)
558.0850024425989,0.0,1,XPS,Gold (Au)
558.7689301416707,0.0,1,XPS,Gold (Au)
559.4528578407426,0.0,1,XPS,Gold (Au)
560.1367855398144,0.01,1,XPS,Gold (Au)
560.8207132388861,0.0,1,XPS,Gold (Au)
561.504640937958,0.0,1,XPS,Gold (Au)
562.1885686370298,0.0,1,XPS,Gold (Au)
562.8724963361016,0.0,1,XPS,Gold (Au)
563.5564240351734,0.0,1,XPS,Gold (Au)
564.2403517342452,0.01,1,XPS,Gold (Au)
564.924279433317,0.0,1,XPS,Gold (Au)
565.6082071323889,0.0,1,XPS,Gold (Au)
566.2921348314607,0.01,1,XPS,Gold (Au)
566.9760625305324,0.0,1,XPS,Gold (Au)
567.6599902296043,0.0,1,XPS,Gold (Au)
568.3439179286761,0.01,1,XPS,Gold (Au)
569.0278456277479,0.0,1,XPS,Gold (Au)
569.7117733268198,0.01,1,XPS,Gold (Au)
570.3957010258915,0.01,1,XPS,Gold (Au)
571.0796287249633,0.0,1,XPS,Gold (Au)
571.7635564240352,0.0,1,XPS,Gold (Au)
572.447484123107,0.0,1,XPS,Gold (Au)
573.1314118221787,0.0,1,XPS,Gold (Au)
573.8153395212506,0.0,1,XPS,Gold (Au)
574.4992672203224,0.01,1,XPS,Gold (Au)
575.1831949193942,0.0,1,XPS,Gold (Au)
575.867122618466,0.0,1,XPS,Gold (Au)
576.5510503175378,0.0,1,XPS,Gold (Au)
577.2349780166096,0.0,1,XPS,Gold (Au)
577.9189057156815,0.0,1,XPS,Gold (Au)
578.6028334147533,0.0,1,XPS,Gold (Au)
579.2867611138252,0.0,1,XPS,Gold (Au)
579.9706888128969,0.0,1,XPS,Gold (Au)
580.6546165119687,0.0,1,XPS,Gold (Au)
581.3385442110406,0.01,1,XPS,Gold (Au)
582.0224719101124,0.0,1,XPS,Gold (Au)
582.7063996091841,0.01,1,XPS,Gold (Au)
583.390327308256,0.02,1,XPS,Gold (Au)
584.0742550073278,0.01,1,XPS,Gold (Au)
584.7581827063996,0.0,1,XPS,Gold (Au)
585.4421104054715,0.0,1,XPS,Gold (Au)
586.1260381045432,0.0,1,XPS,Gold (Au)
586.809965803615,0.01,1,XPS,Gold (Au)
587.4938935026869,0.0,1,XPS,Gold (Au)
588.1778212017587,0.0,1,XPS,Gold (Au)
588.8617489008304,0.0,1,XPS,Gold (Au)
589.5456765999023,0.0,1,XPS,Gold (Au)
590.2296042989741,0.0,1,XPS,Gold (Au)
590.9135319980459,0.01,1,XPS,Gold (Au)
591.5974596971178,0.01,1,XPS,Gold (Au)
592.2813873961895,0.0,1,XPS,Gold (Au)
592.9653150952613,0.0,1,XPS,Gold (Au)
593.6492427943332,0.0,1,XPS,Gold (Au)
594.333170493405,0.0,1,XPS,Gold (Au)
595.0170981924767,0.01,1,XPS,Gold (Au)
595.7010258915486,0.01,1,XPS,Gold (Au)
596.3849535906204,0.0,1,XPS,Gold (Au)
597.0688812896922,0.0,1,XPS,Gold (Au)
597.7528089887641,0.01,1,XPS,Gold (Au)
598.4367366878358,0.01,1,XPS,Gold (Au)
599.1206643869076,0.0,1,XPS,Gold (Au)
599.8045920859795,0.0,1,XPS,Gold (Au)
600.4885197850513,0.0,1,XPS,Gold (Au)
601.172447484123,0.0,1,XPS,Gold (Au)
601.8563751831949,0.01,1,XPS,Gold (Au)
602.5403028822667,0.0,1,XPS,Gold (Au)
603.2242305813385,0.0,1,XPS,Gold (Au)
603.9081582804104,0.0,1,XPS,Gold (Au)
604.5920859794821,0.0,1,XPS,Gold (Au)
605.2760136785539,0.0,1,XPS,Gold (Au)
605.9599413776258,0.0,1,XPS,Gold (Au)
606.6438690766976,0.0,1,XPS,Gold (Au)
607.3277967757695,0.01,1,XPS,Gold (Au)
608.0117244748412,0.0,1,XPS,Gold (Au)
608.695652173913,0.0,1,XPS,Gold (Au)
609.3795798729849,0.0,1,XPS,Gold (Au)
610.0635075720567,0.0,1,XPS,Gold (Au)
610.7474352711284,0.01,1,XPS,Gold (Au)
611.4313629702003,0.0,1,XPS,Gold (Au)
612.1152906692721,0.0,1,XPS,Gold (Au)
612.7992183683439,0.0,1,XPS,Gold (Au)
613.4831460674158,0.0,1,XPS,Gold (Au)
614.1670737664875,0.0,1,XPS,Gold (Au)
614.8510014655593,0.0,1,XPS,Gold (Au)
615.5349291646312,0.0,1,XPS,Gold (Au)
616.218856863703,0.0,1,XPS,Gold (Au)
616.9027845627747,0.0,1,XPS,Gold (Au)
617.5867122618466,0.01,1,XPS,Gold (Au)
618.2706399609184,0.0,1,XPS,Gold (Au)
618.9545676599902,0.0,1,XPS,Gold (Au)
619.6384953590621,0.0,1,XPS,Gold (Au)
620.3224230581338,0.0,1,XPS,Gold (Au)
621.0063507572056,0.0,1,XPS,Gold (Au)
621.6902784562775,0.0,1,XPS,Gold (Au)
622.3742061553493,0.0,1,XPS,Gold (Au)
623.058133854421,0.0,1,XPS,Gold (Au)
623.7420615534929,0.0,1,XPS,Gold (Au)
624.4259892525647,0.0,1,XPS,Gold (Au)
625.1099169516365,0.0,1,XPS,Gold (Au)
625.7938446507084,0.0,1,XPS,Gold (Au)
626.4777723497801,0.0,1,XPS,Gold (Au)
627.1617000488519,0.0,1,XPS,Gold (Au)
627.8456277479238,0.0,1,XPS,Gold (Au)
628.5295554469956,0.01,1,XPS,Gold (Au)
629.2134831460673,0.0,1,XPS,Gold (Au)
629.8974108451392,0.0,1,XPS,Gold (Au)
630.581338544211,0.01,1,XPS,Gold (Au)
631.2652662432828,0.0,1,XPS,Gold (Au)
631.9491939423547,0.0,1,XPS,Gold (Au)
632.6331216414264,0.0,1,XPS,Gold (Au)
633.3170493404983,0.0,1,XPS,Gold (Au)
634.0009770395701,0.0,1,XPS,Gold (Au)
634.6849047386419,0.02,1,XPS,Gold (Au)
635.3688324377138,0.0,1,XPS,Gold (Au)
636.0527601367855,0.01,1,XPS,Gold (Au)
636.7366878358573,0.0,1,XPS,Gold (Au)
637.4206155349292,0.0,1,XPS,Gold (Au)
638.104543234001,0.0,1,XPS,Gold (Au)
638.7884709330727,0.0,1,XPS,Gold (Au)
639.4723986321446,0.0,1,XPS,Gold (Au)
640.1563263312164,0.0,1,XPS,Gold (Au)
640.8402540302882,0.0,1,XPS,Gold (Au)
641.5241817293601,0.0,1,XPS,Gold (Au)
642.2081094284318,0.0,1,XPS,Gold (Au)
642.8920371275036,0.01,1,XPS,Gold (Au)
643.5759648265755,0.0,1,XPS,Gold (Au)
644.2598925256473,0.02,1,XPS,Gold (Au)
644.943820224719,0.0,1,XPS,Gold (Au)
645.6277479237909,0.0,1,XPS,Gold (Au)
646.3116756228627,0.02,1,XPS,Gold (Au)
646.9956033219345,0.0,1,XPS,Gold (Au)
647.6795310210064,0.0,1,XPS,Gold (Au)
648.3634587200781,0.0,1,XPS,Gold (Au)
649.0473864191499,0.0,1,XPS,Gold (Au)
649.7313141182218,0.0,1,XPS,Gold (Au)
650.4152418172936,0.0,1,XPS,Gold (Au)
651.0991695163654,0.0,1,XPS,Gold (Au)
651.7830972154372,0.0,1,XPS,Gold (Au)
652.467024914509,0.0,1,XPS,Gold (Au)
653.1509526135808,0.0,1,XPS,Gold (Au)
653.8348803126527,0.0,1,XPS,Gold (Au)
654.5188080117244,0.0,1,XPS,Gold (Au)
655.2027357107962,0.0,1,XPS,Gold (Au)
655.8866634098681,0.0,1,XPS,Gold (Au)
656.5705911089399,0.01,1,XPS,Gold (Au)
657.2545188080117,0.0,1,XPS,Gold (Au)
657.9384465070835,0.0,1,XPS,Gold (Au)
658.6223742061553,0.0,1,XPS,Gold (Au)
659.3063019052271,0.01,1,XPS,Gold (Au)
659.990229604299,0.01,1,XPS,Gold (Au)
660.6741573033707,0.01,1,XPS,Gold (Au)
661.3580850024426,0.01,1,XPS,Gold (Au)
662.0420127015144,0.0,1,XPS,Gold (Au)
662.7259404005862,0.0,1,XPS,Gold (Au)
663.4098680996581,0.01,1,XPS,Gold (Au)
664.0937957987298,0.0,1,XPS,Gold (Au)
664.7777234978016,0.01,1,XPS,Gold (Au)
665.4616511968735,0.0,1,XPS,Gold (Au)
666.1455788959453,0.0,1,XPS,Gold (Au)
666.829506595017,0.0,1,XPS,Gold (Au)
667.5134342940889,0.01,1,XPS,Gold (Au)
668.1973619931607,0.0,1,XPS,Gold (Au)
668.8812896922325,0.01,1,XPS,Gold (Au)
669.5652173913044,0.0,1,XPS,Gold (Au)
670.2491450903761,0.0,1,XPS,Gold (Au)
670.9330727894479,0.0,1,XPS,Gold (Au)
671.6170004885198,0.0,1,XPS,Gold (Au)
672.3009281875916,0.01,1,XPS,Gold (Au)
672.9848558866634,0.0,1,XPS,Gold (Au)
673.6687835857352,0.0,1,XPS,Gold (Au)
674.352711284807,0.0,1,XPS,Gold (Au)
675.0366389838788,0.02,1,XPS,Gold (Au)
675.7205666829507,0.0,1,XPS,Gold (Au)
676.4044943820224,0.0,1,XPS,Gold (Au)
677.0884220810942,0.0,1,XPS,Gold (Au)
677.7723497801661,0.0,1,XPS,Gold (Au)
678.4562774792379,0.0,1,XPS,Gold (Au)
679.1402051783097,0.0,1,XPS,Gold (Au)
679.8241328773815,0.0,1,XPS,Gold (Au)
680.5080605764533,0.0,1,XPS,Gold (Au)
681.1919882755251,0.0,1,XPS,Gold (Au)
681.875915974597,0.0,1,XPS,Gold (Au)
682.5598436736688,0.0,1,XPS,Gold (Au)
683.2437713727405,0.0,1,XPS,Gold (Au)
683.9276990718124,0.01,1,XPS,Gold (Au)
684.6116267708842,0.0,1,XPS,Gold (Au)
685.295554469956,0.0,1,XPS,Gold (Au)
685.9794821690278,0.02,1,XPS,Gold (Au)
686.6634098680996,0.0,1,XPS,Gold (Au)
687.3473375671715,0.01,1,XPS,Gold (Au)
688.0312652662433,0.0,1,XPS,Gold (Au)
688.715192965315,0.0,1,XPS,Gold (Au)
689.3991206643869,0.0,1,XPS,Gold (Au)
690.0830483634587,0.0,1,XPS,Gold (Au)
690.7669760625305,0.0,1,XPS,Gold (Au)
691.4509037616024,0.0,1,XPS,Gold (Au)
692.1348314606741,0.01,1,XPS,Gold (Au)
692.8187591597459,0.01,1,XPS,Gold (Au)
693.5026868588178,0.0,1,XPS,Gold (Au)
694.1866145578896,0.0,1,XPS,Gold (Au)
694.8705422569614,0.01,1,XPS,Gold (Au)
695.5544699560332,0.0,1,XPS,Gold (Au)
696.238397655105,0.01,1,XPS,Gold (Au)
696.9223253541768,0.01,1,XPS,Gold (Au)
697.6062530532487,0.01,1,XPS,Gold (Au)
698.2901807523205,0.0,1,XPS,Gold (Au)
698.9741084513922,0.0,1,XPS,Gold (Au)
699.6580361504641,0.0,1,XPS,Gold (Au)
700.3419638495359,0.0,1,XPS,Gold (Au)
701.0258915486077,0.0,1,XPS,Gold (Au)
701.7098192476795,0.0,1,XPS,Gold (Au)
702.3937469467513,0.0,1,XPS,Gold (Au)
703.0776746458231,0.0,1,XPS,Gold (Au)
703.761602344895,0.0,1,XPS,Gold (Au)
704.4455300439668,0.01,1,XPS,Gold (Au)
705.1294577430385,0.0,1,XPS,Gold (Au)
705.8133854421104,0.0,1,XPS,Gold (Au)
706.4973131411822,0.0,1,XPS,Gold (Au)
707.181240840254,0.0,1,XPS,Gold (Au)
707.8651685393259,0.0,1,XPS,Gold (Au)
708.5490962383976,0.0,1,XPS,Gold (Au)
709.2330239374694,0.01,1,XPS,Gold (Au)
709.9169516365413,0.0,1,XPS,Gold (Au)
710.6008793356131,0.0,1,XPS,Gold (Au)
711.2848070346848,0.0,1,XPS,Gold (Au)
711.9687347337567,0.01,1,XPS,Gold (Au)
712.6526624328285,0.0,1,XPS,Gold (Au)
713.3365901319003,0.0,1,XPS,Gold (Au)
714.0205178309722,0.0,1,XPS,Gold (Au)
714.7044455300439,0.0,1,XPS,Gold (Au)
715.3883732291158,0.01,1,XPS,Gold (Au)
716.0723009281876,0.02,1,XPS,Gold (Au)
716.7562286272594,0.0,1,XPS,Gold (Au)
717.4401563263312,0.01,1,XPS,Gold (Au)
718.124084025403,0.01,1,XPS,Gold (Au)
718.8080117244748,0.0,1,XPS,Gold (Au)
719.4919394235467,0.01,1,XPS,Gold (Au)
720.1758671226185,0.01,1,XPS,Gold (Au)
720.8597948216902,0.0,1,XPS,Gold (Au)
721.5437225207621,0.0,1,XPS,Gold (Au)
722.2276502198339,0.01,1,XPS,Gold (Au)
722.9115779189057,0.0,1,XPS,Gold (Au)
723.5955056179776,0.01,1,XPS,Gold (Au)
724.2794333170493,0.01,1,XPS,Gold (Au)
724.9633610161211,0.01,1,XPS,Gold (Au)
725.647288715193,0.02,1,XPS,Gold (Au)
726.3312164142648,0.0,1,XPS,Gold (Au)
727.0151441133365,0.0,1,XPS,Gold (Au)
727.6990718124084,0.0,1,XPS,Gold (Au)
728.3829995114802,0.01,1,XPS,Gold (Au)
729.066927210552,0.0,1,XPS,Gold (Au)
729.7508549096239,0.0,1,XPS,Gold (Au)
730.4347826086956,0.01,1,XPS,Gold (Au)
731.1187103077674,0.0,1,XPS,Gold (Au)
731.8026380068393,0.0,1,XPS,Gold (Au)
732.4865657059111,0.0,1,XPS,Gold (Au)
733.1704934049828,0.0,1,XPS,Gold (Au)
733.8544211040547,0.0,1,XPS,Gold (Au)
734.5383488031265,0.0,1,XPS,Gold (Au)
735.2222765021983,0.0,1,XPS,Gold (Au)
735.9062042012702,0.0,1,XPS,Gold (Au)
736.5901319003419,0.0,1,XPS,Gold (Au)
737.2740595994137,0.0,1,XPS,Gold (Au)
737.9579872984856,0.0,1,XPS,Gold (Au)
738.6419149975574,0.0,1,XPS,Gold (Au)
739.3258426966291,0.0,1,XPS,Gold (Au)
740.009770395701,0.0,1,XPS,Gold (Au)
740.6936980947728,0.0,1,XPS,Gold (Au)
741.3776257938447,0.0,1,XPS,Gold (Au)
742.0615534929165,0.01,1,XPS,Gold (Au)
742.7454811919882,0.0,1,XPS,Gold (Au)
743.4294088910601,0.0,1,XPS,Gold (Au)
744.1133365901319,0.0,1,XPS,Gold (Au)
744.7972642892037,0.0,1,XPS,Gold (Au)
745.4811919882756,0.0,1,XPS,Gold (Au)
746.1651196873473,0.0,1,XPS,Gold (Au)
746.8490473864191,0.0,1,XPS,Gold (Au)
747.532975085491,0.0,1,XPS,Gold (Au)
748.2169027845628,0.0,1,XPS,Gold (Au)
748.9008304836345,0.0,1,XPS,Gold (Au)
749.5847581827064,0.0,1,XPS,Gold (Au)
750.2686858817782,0.0,1,XPS,Gold (Au)
750.95261358085,0.01,1,XPS,Gold (Au)
751.6365412799219,0.0,1,XPS,Gold (Au)
752.3204689789936,0.01,1,XPS,Gold (Au)
753.0043966780654,0.0,1,XPS,Gold (Au)
753.6883243771373,0.0,1,XPS,Gold (Au)
754.3722520762091,0.02,1,XPS,Gold (Au)
755.0561797752808,0.0,1,XPS,Gold (Au)
755.7401074743527,0.0,1,XPS,Gold (Au)
756.4240351734245,0.0,1,XPS,Gold (Au)
757.1079628724963,0.0,1,XPS,Gold (Au)
757.7918905715682,0.0,1,XPS,Gold (Au)
758.4758182706399,0.0,1,XPS,Gold (Au)
759.1597459697117,0.01,1,XPS,Gold (Au)
759.8436736687836,0.0,1,XPS,Gold (Au)
760.5276013678554,0.0,1,XPS,Gold (Au)
761.2115290669271,0.01,1,XPS,Gold (Au)
761.895456765999,0.0,1,XPS,Gold (Au)
762.5793844650708,0.0,1,XPS,Gold (Au)
763.2633121641426,0.0,1,XPS,Gold (Au)
763.9472398632145,0.01,1,XPS,Gold (Au)
764.6311675622862,0.0,1,XPS,Gold (Au)
765.315095261358,0.0,1,XPS,Gold (Au)
765.9990229604299,0.0,1,XPS,Gold (Au)
766.6829506595017,0.01,1,XPS,Gold (Au)
767.3668783585734,0.0,1,XPS,Gold (Au)
768.0508060576453,0.0,1,XPS,Gold (Au)
768.7347337567171,0.0,1,XPS,Gold (Au)
769.418661455789,0.01,1,XPS,Gold (Au)
770.1025891548608,0.01,1,XPS,Gold (Au)
770.7865168539325,0.0,1,XPS,Gold (Au)
771.4704445530044,0.0,1,XPS,Gold (Au)
772.1543722520762,0.0,1,XPS,Gold (Au)
772.838299951148,0.0,1,XPS,Gold (Au)
773.5222276502199,0.0,1,XPS,Gold (Au)
774.2061553492916,0.0,1,XPS,Gold (Au)
774.8900830483634,0.0,1,XPS,Gold (Au)
775.5740107474353,0.0,1,XPS,Gold (Au)
776.2579384465071,0.0,1,XPS,Gold (Au)
776.9418661455788,0.0,1,XPS,Gold (Au)
777.6257938446507,0.0,1,XPS,Gold (Au)
778.3097215437225,0.0,1,XPS,Gold (Au)
778.9936492427943,0.01,1,XPS,Gold (Au)
779.6775769418662,0.01,1,XPS,Gold (Au)
780.3615046409379,0.0,1,XPS,Gold (Au)
781.0454323400097,0.0,1,XPS,Gold (Au)
781.7293600390816,0.0,1,XPS,Gold (Au)
782.4132877381534,0.0,1,XPS,Gold (Au)
783.0972154372251,0.0,1,XPS,Gold (Au)
783.781143136297,0.0,1,XPS,Gold (Au)
784.4650708353688,0.0,1,XPS,Gold (Au)
785.1489985344406,0.0,1,XPS,Gold (Au)
785.8329262335125,0.01,1,XPS,Gold (Au)
786.5168539325842,0.0,1,XPS,Gold (Au)
787.200781631656,0.0,1,XPS,Gold (Au)
787.8847093307279,0.0,1,XPS,Gold (Au)
788.5686370297997,0.01,1,XPS,Gold (Au)
789.2525647288714,0.01,1,XPS,Gold (Au)
789.9364924279433,0.0,1,XPS,Gold (Au)
790.6204201270151,0.02,1,XPS,Gold (Au)
791.3043478260869,0.01,1,XPS,Gold (Au)
791.9882755251588,0.01,1,XPS,Gold (Au)
792.6722032242305,0.0,1,XPS,Gold (Au)
793.3561309233023,0.0,1,XPS,Gold (Au)
794.0400586223742,0.0,1,XPS,Gold (Au)
794.723986321446,0.0,1,XPS,Gold (Au)
795.4079140205179,0.0,1,XPS,Gold (Au)
796.0918417195896,0.0,1,XPS,Gold (Au)
796.7757694186614,0.0,1,XPS,Gold (Au)
797.4596971177333,0.0,1,XPS,Gold (Au)
798.1436248168051,0.0,1,XPS,Gold (Au)
798.8275525158768,0.0,1,XPS,Gold (Au)
799.5114802149487,0.0,1,XPS,Gold (Au)
800.1954079140205,0.01,1,XPS,Gold (Au)
800.8793356130923,0.0,1,XPS,Gold (Au)
801.5632633121642,0.0,1,XPS,Gold (Au)
802.2471910112359,0.0,1,XPS,Gold (Au)
802.9311187103077,0.0,1,XPS,Gold (Au)
803.6150464093796,0.0,1,XPS,Gold (Au)
804.2989741084514,0.01,1,XPS,Gold (Au)
804.9829018075231,0.0,1,XPS,Gold (Au)
805.666829506595,0.0,1,XPS,Gold (Au)
806.3507572056668,0.01,1,XPS,Gold (Au)
807.0346849047386,0.0,1,XPS,Gold (Au)
807.7186126038105,0.0,1,XPS,Gold (Au)
808.4025403028822,0.0,1,XPS,Gold (Au)
809.086468001954,0.0,1,XPS,Gold (Au)
809.7703957010259,0.0,1,XPS,Gold (Au)
810.4543234000977,0.01,1,XPS,Gold (Au)
811.1382510991695,0.0,1,XPS,Gold (Au)
811.8221787982413,0.0,1,XPS,Gold (Au)
812.5061064973131,0.0,1,XPS,Gold (Au)
813.1900341963849,0.0,1,XPS,Gold (Au)
813.8739618954568,0.0,1,XPS,Gold (Au)
814.5578895945285,0.0,1,XPS,Gold (Au)
815.2418172936003,0.01,1,XPS,Gold (Au)
815.9257449926722,0.0,1,XPS,Gold (Au)
816.609672691744,0.01,1,XPS,Gold (Au)
817.2936003908158,0.0,1,XPS,Gold (Au)
817.9775280898876,0.0,1,XPS,Gold (Au)
818.6614557889594,0.0,1,XPS,Gold (Au)
819.3453834880312,0.01,1,XPS,Gold (Au)
820.0293111871031,0.0,1,XPS,Gold (Au)
820.7132388861748,0.0,1,XPS,Gold (Au)
821.3971665852466,0.0,1,XPS,Gold (Au)
822.0810942843185,0.0,1,XPS,Gold (Au)
822.7650219833903,0.0,1,XPS,Gold (Au)
823.4489496824622,0.01,1,XPS,Gold (Au)
824.132877381534,0.0,1,XPS,Gold (Au)
824.8168050806057,0.0,1,XPS,Gold (Au)
825.5007327796776,0.01,1,XPS,Gold (Au)
826.1846604787494,0.0,1,XPS,Gold (Au)
826.8685881778212,0.0,1,XPS,Gold (Au)
827.552515876893,0.01,1,XPS,Gold (Au)
828.2364435759648,0.0,1,XPS,Gold (Au)
828.9203712750366,0.0,1,XPS,Gold (Au)
829.6042989741085,0.0,1,XPS,Gold (Au)
830.2882266731802,0.0,1,XPS,Gold (Au)
830.972154372252,0.0,1,XPS,Gold (Au)
831.6560820713239,0.0,1,XPS,Gold (Au)
832.3400097703957,0.0,1,XPS,Gold (Au)
833.0239374694675,0.01,1,XPS,Gold (Au)
833.7078651685393,0.0,1,XPS,Gold (Au)
834.3917928676111,0.0,1,XPS,Gold (Au)
835.0757205666829,0.0,1,XPS,Gold (Au)
835.7596482657548,0.0,1,XPS,Gold (Au)
836.4435759648266,0.01,1,XPS,Gold (Au)
837.1275036638983,0.0,1,XPS,Gold (Au)
837.8114313629702,0.0,1,XPS,Gold (Au)
838.495359062042,0.01,1,XPS,Gold (Au)
839.1792867611138,0.0,1,XPS,Gold (Au)
839.8632144601856,0.0,1,XPS,Gold (Au)
840.5471421592574,0.01,1,XPS,Gold (Au)
841.2310698583292,0.0,1,XPS,Gold (Au)
841.9149975574011,0.01,1,XPS,Gold (Au)
842.5989252564729,0.0,1,XPS,Gold (Au)
843.2828529555446,0.0,1,XPS,Gold (Au)
843.9667806546165,0.01,1,XPS,Gold (Au)
844.6507083536883,0.01,1,XPS,Gold (Au)
845.3346360527601,0.0,1,XPS,Gold (Au)
846.018563751832,0.01,1,XPS,Gold (Au)
846.7024914509037,0.0,1,XPS,Gold (Au)
847.3864191499755,0.0,1,XPS,Gold (Au)
848.0703468490474,0.0,1,XPS,Gold (Au)
848.7542745481192,0.0,1,XPS,Gold (Au)
849.438202247191,0.0,1,XPS,Gold (Au)
850.1221299462628,0.0,1,XPS,Gold (Au)
850.8060576453346,0.01,1,XPS,Gold (Au)
851.4899853444065,0.01,1,XPS,Gold (Au)
852.1739130434783,0.0,1,XPS,Gold (Au)
852.85784074255,0.0,1,XPS,Gold (Au)
853.5417684416219,0.0,1,XPS,Gold (Au)
854.2256961406937,0.0,1,XPS,Gold (Au)
854.9096238397655,0.01,1,XPS,Gold (Au)
855.5935515388373,0.01,1,XPS,Gold (Au)
856.2774792379091,0.01,1,XPS,Gold (Au)
856.9614069369809,0.0,1,XPS,Gold (Au)
857.6453346360528,0.01,1,XPS,Gold (Au)
858.3292623351246,0.0,1,XPS,Gold (Au)
859.0131900341963,0.0,1,XPS,Gold (Au)
859.6971177332682,0.0,1,XPS,Gold (Au)
860.38104543234,0.0,1,XPS,Gold (Au)
861.0649731314118,0.0,1,XPS,Gold (Au)
861.7489008304836,0.01,1,XPS,Gold (Au)
862.4328285295554,0.0,1,XPS,Gold (Au)
863.1167562286272,0.0,1,XPS,Gold (Au)
863.8006839276991,0.0,1,XPS,Gold (Au)
864.4846116267709,0.0,1,XPS,Gold (Au)
865.1685393258426,0.0,1,XPS,Gold (Au)
865.8524670249145,0.034198221226041076,1,XPS,Gold (Au)
866.5363947239863,0.03032086926444117,1,XPS,Gold (Au)
867.2203224230581,0.01,1,XPS,Gold (Au)
867.90425012213,0.0,1,XPS,Gold (Au)
868.5881778212017,0.005118615290261435,1,XPS,Gold (Au)
869.2721055202735,0.006712421351179948,1,XPS,Gold (Au)
869.9560332193454,0.05322185361867473,1,XPS,Gold (Au)
870.6399609184172,0.03096758131194797,1,XPS,Gold (Au)
871.3238886174889,0.016726321890827504,1,XPS,Gold (Au)
872.0078163165608,0.006332272630638273,1,XPS,Gold (Au)
872.6917440156326,0.011880434793065118,1,XPS,Gold (Au)
873.3756717147044,0.026401598224125872,1,XPS,Gold (Au)
874.0595994137763,0.044045932720257606,1,XPS,Gold (Au)
874.743527112848,0.030790531934766982,1,XPS,Gold (Au)
875.4274548119199,0.03212694052929347,1,XPS,Gold (Au)
876.1113825109917,0.026303701849405774,1,XPS,Gold (Au)
876.7953102100635,0.01626033744948997,1,XPS,Gold (Au)
877.4792379091353,0.032939924456024436,1,XPS,Gold (Au)
878.1631656082071,0.00920110496747673,1,XPS,Gold (Au)
878.8470933072789,0.0036965331183101587,1,XPS,Gold (Au)
879.5310210063508,0.05225591535528409,1,XPS,Gold (Au)
880.2149487054226,0.10168522658134135,1,XPS,Gold (Au)
880.8988764044943,0.06619225608608946,1,XPS,Gold (Au)
881.5828041035662,0.06505070873702763,1,XPS,Gold (Au)
882.266731802638,0.049470283151586754,1,XPS,Gold (Au)
882.9506595017098,0.08855103275088765,1,XPS,Gold (Au)
883.6345872007817,0.0695965516514373,1,XPS,Gold (Au)
884.3185148998534,0.07525123935171166,1,XPS,Gold (Au)
885.0024425989252,0.0907961963248606,1,XPS,Gold (Au)
885.6863702979971,0.10074460634439186,1,XPS,Gold (Au)
886.3702979970689,0.0696179198454378,1,XPS,Gold (Au)
887.0542256961406,0.0924984302072562,1,XPS,Gold (Au)
887.7381533952125,0.07362690251524551,1,XPS,Gold (Au)
888.4220810942843,0.07807067273106383,1,XPS,Gold (Au)
889.1060087933561,0.09820198448390637,1,XPS,Gold (Au)
889.789936492428,0.09465025611412209,1,XPS,Gold (Au)
890.4738641914997,0.08628908002261668,1,XPS,Gold (Au)
891.1577918905715,0.09217554638494017,1,XPS,Gold (Au)
891.8417195896434,0.11536067837897167,1,XPS,Gold (Au)
892.5256472887152,0.11036295384908747,1,XPS,Gold (Au)
893.2095749877869,0.10733868202480003,1,XPS,Gold (Au)
893.8935026868588,0.11196329092109594,1,XPS,Gold (Au)
894.5774303859306,0.1337113191242376,1,XPS,Gold (Au)
895.2613580850024,0.10952706524247889,1,XPS,Gold (Au)
895.9452857840743,0.10283565777668698,1,XPS,Gold (Au)
896.629213483146,0.0872639056267136,1,XPS,Gold (Au)
897.3131411822178,0.09826793314594784,1,XPS,Gold (Au)
897.9970688812897,0.1352698576623187,1,XPS,Gold (Au)
898.6809965803615,0.13160088730529615,1,XPS,Gold (Au)
899.3649242794332,0.12682290623014536,1,XPS,Gold (Au)
900.0488519785051,0.13542512513258978,1,XPS,Gold (Au)
900.7327796775769,0.14393193562755674,1,XPS,Gold (Au)
901.4167073766487,0.13553721200450813,1,XPS,Gold (Au)
902.1006350757206,0.14808763942558273,1,XPS,Gold (Au)
902.7845627747923,0.1568940290162519,1,XPS,Gold (Au)
903.4684904738642,0.14876775155274172,1,XPS,Gold (Au)
904.152418172936,0.1171445171047825,1,XPS,Gold (Au)
904.8363458720078,0.13790996794233304,1,XPS,Gold (Au)
905.5202735710797,0.12919490802096,1,XPS,Gold (Au)
906.2042012701514,0.15521186402589432,1,XPS,Gold (Au)
906.8881289692232,0.18681007082120032,1,XPS,Gold (Au)
907.5720566682951,0.18562254355136415,1,XPS,Gold (Au)
908.2559843673669,0.1804825584572327,1,XPS,Gold (Au)
908.9399120664386,0.20327885205978274,1,XPS,Gold (Au)
909.6238397655105,0.17698573004657192,1,XPS,Gold (Au)
910.3077674645823,0.1887960597514905,1,XPS,Gold (Au)
910.9916951636541,0.17733740701199047,1,XPS,Gold (Au)
911.675622862726,0.17052833049902322,1,XPS,Gold (Au)
912.3595505617977,0.16949449254199128,1,XPS,Gold (Au)
913.0434782608695,0.1888858601678879,1,XPS,Gold (Au)
913.7274059599414,0.19844010856976327,1,XPS,Gold (Au)
914.4113336590132,0.19270816568243876,1,XPS,Gold (Au)
915.0952613580849,0.18823264501001097,1,XPS,Gold (Au)
915.7791890571568,0.2107299402928321,1,XPS,Gold (Au)
916.4631167562286,0.23701698123360893,1,XPS,Gold (Au)
917.1470444553004,0.1802023128757036,1,XPS,Gold (Au)
917.8309721543723,0.18104826963634374,1,XPS,Gold (Au)
918.514899853444,0.21089810279475407,1,XPS,Gold (Au)
919.1988275525158,0.1924642162402611,1,XPS,Gold (Au)
919.8827552515877,0.24135931203451916,1,XPS,Gold (Au)
920.5666829506595,0.21492429107285987,1,XPS,Gold (Au)
921.2506106497312,0.193328718637304,1,XPS,Gold (Au)
921.9345383488031,0.23114041445434136,1,XPS,Gold (Au)
922.6184660478749,0.2390076402944076,1,XPS,Gold (Au)
923.3023937469467,0.21731446014475395,1,XPS,Gold (Au)
923.9863214460186,0.18355780505658592,1,XPS,Gold (Au)
924.6702491450903,0.22251983751394758,1,XPS,Gold (Au)
925.3541768441621,0.2154116955199484,1,XPS,Gold (Au)
926.038104543234,0.21499456926901098,1,XPS,Gold (Au)
926.7220322423058,0.23952393338273284,1,XPS,Gold (Au)
927.4059599413775,0.23652505941176696,1,XPS,Gold (Au)
928.0898876404494,0.2688238342695468,1,XPS,Gold (Au)
928.7738153395212,0.2517000375342187,1,XPS,Gold (Au)
929.4577430385931,0.2289802958012781,1,XPS,Gold (Au)
930.1416707376649,0.28762654279114064,1,XPS,Gold (Au)
930.8255984367366,0.2553493331198986,1,XPS,Gold (Au)
931.5095261358085,0.25285375234848784,1,XPS,Gold (Au)
932.1934538348803,0.24421824934348896,1,XPS,Gold (Au)
932.8773815339521,0.26291218669266975,1,XPS,Gold (Au)
933.561309233024,0.2528083419509728,1,XPS,Gold (Au)
934.2452369320957,0.26412938275726294,1,XPS,Gold (Au)
934.9291646311675,0.2950216705184633,1,XPS,Gold (Au)
935.6130923302394,0.25785238929650023,1,XPS,Gold (Au)
936.2970200293112,0.25001031534260215,1,XPS,Gold (Au)
936.980947728383,0.3072426410941824,1,XPS,Gold (Au)
937.6648754274548,0.28385241531819866,1,XPS,Gold (Au)
938.3488031265266,0.2604562798367329,1,XPS,Gold (Au)
939.0327308255984,0.31560190541527483,1,XPS,Gold (Au)
939.7166585246703,0.2855038883612282,1,XPS,Gold (Au)
940.400586223742,0.33824994507166956,1,XPS,Gold (Au)
941.0845139228138,0.3161768780557329,1,XPS,Gold (Au)
941.7684416218857,0.3061558966199316,1,XPS,Gold (Au)
942.4523693209575,0.34753182745500155,1,XPS,Gold (Au)
943.1362970200292,0.3142911005431297,1,XPS,Gold (Au)
943.8202247191011,0.33224686158596106,1,XPS,Gold (Au)
944.5041524181729,0.33347144614332513,1,XPS,Gold (Au)
945.1880801172447,0.36377757598205146,1,XPS,Gold (Au)
945.8720078163166,0.3608064698026661,1,XPS,Gold (Au)
946.5559355153883,0.3372980060595761,1,XPS,Gold (Au)
947.2398632144601,0.3115260152057683,1,XPS,Gold (Au)
947.923790913532,0.34393079506932106,1,XPS,Gold (Au)
948.6077186126038,0.3319260352587147,1,XPS,Gold (Au)
949.2916463116755,0.3779371282103865,1,XPS,Gold (Au)
949.9755740107474,0.34532089114584,1,XPS,Gold (Au)
950.6595017098192,0.34653472484418196,1,XPS,Gold (Au)
951.343429408891,0.3706704349844586,1,XPS,Gold (Au)
952.0273571079629,0.34073218769811414,1,XPS,Gold (Au)
952.7112848070346,0.34300561419371933,1,XPS,Gold (Au)
953.3952125061064,0.3800646443037764,1,XPS,Gold (Au)
954.0791402051783,0.3475058737436756,1,XPS,Gold (Au)
954.7630679042501,0.3469195572519645,1,XPS,Gold (Au)
955.4469956033219,0.375115974959696,1,XPS,Gold (Au)
956.1309233023937,0.39906999616263517,1,XPS,Gold (Au)
956.8148510014655,0.37900037995569924,1,XPS,Gold (Au)
957.4987787005374,0.39703705342740786,1,XPS,Gold (Au)
958.1827063996092,0.3681944504013674,1,XPS,Gold (Au)
958.866634098681,0.3491929429392646,1,XPS,Gold (Au)
959.5505617977528,0.43192949995046476,1,XPS,Gold (Au)
960.2344894968246,0.4079401725056036,1,XPS,Gold (Au)
960.9184171958964,0.3893993246254887,1,XPS,Gold (Au)
961.6023448949683,0.42192138232172244,1,XPS,Gold (Au)
962.28627259404,0.4133737203259663,1,XPS,Gold (Au)
962.9702002931118,0.42971395257929423,1,XPS,Gold (Au)
963.6541279921837,0.4634713594245509,1,XPS,Gold (Au)
964.3380556912555,0.4070807460772605,1,XPS,Gold (Au)
965.0219833903273,0.442993850422367,1,XPS,Gold (Au)
965.7059110893991,0.42521371854844336,1,XPS,Gold (Au)
966.3898387884709,0.41892712196939086,1,XPS,Gold (Au)
967.0737664875427,0.4510861203349953,1,XPS,Gold (Au)
967.7576941866146,0.44324999750810556,1,XPS,Gold (Au)
968.4416218856863,0.4422479305105906,1,XPS,Gold (Au)
969.1255495847581,0.4666710767626146,1,XPS,Gold (Au)
969.80947728383,0.4378068450613024,1,XPS,Gold (Au)
970.4934049829018,0.4325025226089765,1,XPS,Gold (Au)
971.1773326819736,0.43223834073758394,1,XPS,Gold (Au)
971.8612603810454,0.42923031285809327,1,XPS,Gold (Au)
972.5451880801172,0.4801979016789419,1,XPS,Gold (Au)
973.229115779189,0.4277830592374047,1,XPS,Gold (Au)
973.9130434782609,0.46354902571585643,1,XPS,Gold (Au)
974.5969711773326,0.4391479592645483,1,XPS,Gold (Au)
975.2808988764044,0.47931742591499293,1,XPS,Gold (Au)
975.9648265754763,0.5030992321368766,1,XPS,Gold (Au)
976.6487542745481,0.48332911923392363,1,XPS,Gold (Au)
977.3326819736199,0.44353807804112155,1,XPS,Gold (Au)
978.0166096726917,0.48189472812622386,1,XPS,Gold (Au)
978.7005373717635,0.4847244069670938,1,XPS,Gold (Au)
979.3844650708353,0.48107860279459735,1,XPS,Gold (Au)
980.0683927699072,0.5089844264099719,1,XPS,Gold (Au)
980.752320468979,0.5124044471273874,1,XPS,Gold (Au)
981.4362481680507,0.5125752394316437,1,XPS,Gold (Au)
982.1201758671226,0.511559418892748,1,XPS,Gold (Au)
982.8041035661944,0.5079727835415524,1,XPS,Gold (Au)
983.4880312652663,0.5063476610833328,1,XPS,Gold (Au)
984.171958964338,0.4857174827866404,1,XPS,Gold (Au)
984.8558866634098,0.5215960107672692,1,XPS,Gold (Au)
985.5398143624817,0.4986061715884716,1,XPS,Gold (Au)
986.2237420615535,0.5117782662532279,1,XPS,Gold (Au)
986.9076697606253,0.5448615187097591,1,XPS,Gold (Au)
987.5915974596971,0.5597637539726381,1,XPS,Gold (Au)
988.2755251587689,0.526317247895565,1,XPS,Gold (Au)
988.9594528578407,0.5328830563031762,1,XPS,Gold (Au)
989.6433805569126,0.5678819348335099,1,XPS,Gold (Au)
990.3273082559843,0.5512286892773243,1,XPS,Gold (Au)
991.0112359550561,0.57836548740644,1,XPS,Gold (Au)
991.695163654128,0.5556652530569168,1,XPS,Gold (Au)
992.3790913531998,0.5202685202335262,1,XPS,Gold (Au)
993.0630190522716,0.5784705209643761,1,XPS,Gold (Au)
993.7469467513434,0.5484595784189582,1,XPS,Gold (Au)
994.4308744504152,0.5812472780133479,1,XPS,Gold (Au)
995.114802149487,0.5718341971661285,1,XPS,Gold (Au)
995.7987298485589,0.5765317259131051,1,XPS,Gold (Au)
996.4826575476307,0.542223167535124,1,XPS,Gold (Au)
997.1665852467024,0.5755681667372657,1,XPS,Gold (Au)
997.8505129457743,0.549585787414023,1,XPS,Gold (Au)
998.5344406448461,0.5780089604630749,1,XPS,Gold (Au)
999.2183683439179,0.5703006379699814,1,XPS,Gold (Au)
999.9022960429897,0.6103475870960796,1,XPS,Gold (Au)
1000.5862237420615,0.6039619915146596,1,XPS,Gold (Au)
1001.2701514411333,0.5597883584425525,1,XPS,Gold (Au)
1001.9540791402052,0.5990614633048087,1,XPS,Gold (Au)
1002.638006839277,0.622143398828515,1,XPS,Gold (Au)
1003.3219345383487,0.5762882199279703,1,XPS,Gold (Au)
1004.0058622374206,0.599477861638306,1,XPS,Gold (Au)
1004.6897899364924,0.5791095787181643,1,XPS,Gold (Au)
1005.3737176355642,0.5915429642613675,1,XPS,Gold (Au)
1006.057645334636,0.6294866950995807,1,XPS,Gold (Au)
1006.7415730337078,0.6013113736026713,1,XPS,Gold (Au)
1007.4255007327796,0.6079480261987927,1,XPS,Gold (Au)
1008.1094284318515,0.5976494045556359,1,XPS,Gold (Au)
1008.7933561309233,0.636274708150622,1,XPS,Gold (Au)
1009.477283829995,0.6248031068023278,1,XPS,Gold (Au)
1010.1612115290669,0.606714087822713,1,XPS,Gold (Au)
1010.8451392281387,0.6658364071672064,1,XPS,Gold (Au)
1011.5290669272106,0.6480024480743866,1,XPS,Gold (Au)
1012.2129946262824,0.6540838741290036,1,XPS,Gold (Au)
1012.8969223253541,0.6392432406681574,1,XPS,Gold (Au)
1013.580850024426,0.632099309403198,1,XPS,Gold (Au)
1014.2647777234978,0.6233765019913017,1,XPS,Gold (Au)
1014.9487054225696,0.6204456552497817,1,XPS,Gold (Au)
1015.6326331216414,0.6555185917182482,1,XPS,Gold (Au)
1016.3165608207132,0.6358872848249745,1,XPS,Gold (Au)
1017.000488519785,0.6890942458954686,1,XPS,Gold (Au)
1017.6844162188569,0.6466557362547963,1,XPS,Gold (Au)
1018.3683439179287,0.6708660170841664,1,XPS,Gold (Au)
1019.0522716170004,0.6916459529260933,1,XPS,Gold (Au)
1019.7361993160723,0.6871456942201087,1,XPS,Gold (Au)
1020.4201270151441,0.7137896829621311,1,XPS,Gold (Au)
1021.1040547142159,0.6953698333294652,1,XPS,Gold (Au)
1021.7879824132878,0.6994017094719579,1,XPS,Gold (Au)
1022.4719101123595,0.7025368687417591,1,XPS,Gold (Au)
1023.1558378114313,0.6869483130956626,1,XPS,Gold (Au)
1023.8397655105032,0.6773209452762048,1,XPS,Gold (Au)
1024.523693209575,0.6706576504951073,1,XPS,Gold (Au)
1025.2076209086467,0.6771856602481768,1,XPS,Gold (Au)
1025.8915486077185,0.6932945165176232,1,XPS,Gold (Au)
1026.5754763067905,0.7094168579484085,1,XPS,Gold (Au)
1027.2594040058623,0.6937399471235609,1,XPS,Gold (Au)
1027.943331704934,0.7167914703923217,1,XPS,Gold (Au)
1028.6272594040058,0.7116533276268457,1,XPS,Gold (Au)
1029.3111871030776,0.7331228879696878,1,XPS,Gold (Au)
1029.9951148021494,0.6915262408306982,1,XPS,Gold (Au)
1030.6790425012214,0.6986250106631018,1,XPS,Gold (Au)
1031.3629702002931,0.7052981859777807,1,XPS,Gold (Au)
1032.046897899365,0.6795237847583262,1,XPS,Gold (Au)
1032.7308255984367,0.6977571302090884,1,XPS,Gold (Au)
1033.4147532975085,0.7384401130638759,1,XPS,Gold (Au)
1034.0986809965802,0.7562379880373609,1,XPS,Gold (Au)
1034.7826086956522,0.7380174016668251,1,XPS,Gold (Au)
1035.466536394724,0.7151684913964456,1,XPS,Gold (Au)
1036.1504640937958,0.7819255487241003,1,XPS,Gold (Au)
1036.8343917928676,0.7586848839922291,1,XPS,Gold (Au)
1037.5183194919393,0.7676531203173593,1,XPS,Gold (Au)
1038.202247191011,0.7370955124521961,1,XPS,Gold (Au)
1038.886174890083,0.7508477997467128,1,XPS,Gold (Au)
1039.5701025891549,0.7437566099471407,1,XPS,Gold (Au)
1040.2540302882267,0.7692362012074355,1,XPS,Gold (Au)
1040.9379579872984,0.7737750151232858,1,XPS,Gold (Au)
1041.6218856863702,0.7858341247525165,1,XPS,Gold (Au)
1042.305813385442,0.7565142812899339,1,XPS,Gold (Au)
1042.989741084514,0.7395894013302525,1,XPS,Gold (Au)
1043.6736687835858,0.7704307976677653,1,XPS,Gold (Au)
1044.3575964826575,0.7290742422533385,1,XPS,Gold (Au)
1045.0415241817293,0.7917739232550074,1,XPS,Gold (Au)
1045.725451880801,0.7900396949331909,1,XPS,Gold (Au)
1046.4093795798728,0.7821056589718698,1,XPS,Gold (Au)
1047.0933072789448,0.7385739261438202,1,XPS,Gold (Au)
1047.7772349780166,0.7856426607938048,1,XPS,Gold (Au)
1048.4611626770884,0.7696789627973902,1,XPS,Gold (Au)
1049.1450903761602,0.7561289157500507,1,XPS,Gold (Au)
1049.829018075232,0.7371673859879788,1,XPS,Gold (Au)
1050.5129457743037,0.7925940214448258,1,XPS,Gold (Au)
1051.1968734733757,0.8113514292222571,1,XPS,Gold (Au)
1051.8808011724475,0.8264650842047894,1,XPS,Gold (Au)
1052.5647288715193,0.7915121470595282,1,XPS,Gold (Au)
1053.248656570591,0.8156477294452341,1,XPS,Gold (Au)
1053.9325842696628,0.7933123679394005,1,XPS,Gold (Au)
1054.6165119687348,0.7952077952085452,1,XPS,Gold (Au)
1055.3004396678066,0.8175005085125255,1,XPS,Gold (Au)
1055.9843673668784,0.8101519895732883,1,XPS,Gold (Au)
1056.6682950659501,0.8380972570274744,1,XPS,Gold (Au)
1057.352222765022,0.8241123872765137,1,XPS,Gold (Au)
1058.0361504640937,0.8100499069094814,1,XPS,Gold (Au)
1058.7200781631657,0.7960734951359424,1,XPS,Gold (Au)
1059.4040058622375,0.8094685315244686,1,XPS,Gold (Au)
1060.0879335613092,0.8347618071780057,1,XPS,Gold (Au)
1060.771861260381,0.8296146335978857,1,XPS,Gold (Au)
1061.4557889594528,0.8583714560324213,1,XPS,Gold (Au)
1062.1397166585245,0.809892459553402,1,XPS,Gold (Au)
1062.8236443575965,0.8500502907543451,1,XPS,Gold (Au)
1063.5075720566683,0.8406010635807846,1,XPS,Gold (Au)
1064.19149975574,0.8263713621981026,1,XPS,Gold (Au)
1064.8754274548119,0.8247492603294369,1,XPS,Gold (Au)
1065.5593551538836,0.8023642213796157,1,XPS,Gold (Au)
1066.2432828529554,0.8782944003562697,1,XPS,Gold (Au)
1066.9272105520274,0.866928182788748,1,XPS,Gold (Au)
1067.6111382510992,0.8482099367006402,1,XPS,Gold (Au)
1068.295065950171,0.8588571618249856,1,XPS,Gold (Au)
1068.9789936492427,0.8693832313788135,1,XPS,Gold (Au)
1069.6629213483145,0.8232007534530769,1,XPS,Gold (Au)
1070.3468490473863,0.8473781717854182,1,XPS,Gold (Au)
1071.0307767464583,0.8841180618646649,1,XPS,Gold (Au)
1071.71470444553,0.8508382497422164,1,XPS,Gold (Au)
1072.3986321446018,0.858698643308566,1,XPS,Gold (Au)
1073.0825598436736,0.8487721079328093,1,XPS,Gold (Au)
1073.7664875427454,0.8706095346454207,1,XPS,Gold (Au)
1074.4504152418172,0.8726084716754166,1,XPS,Gold (Au)
1075.1343429408892,0.8646045942979055,1,XPS,Gold (Au)
1075.818270639961,0.8877748544003117,1,XPS,Gold (Au)
1076.5021983390327,0.8709477000954969,1,XPS,Gold (Au)
1077.1861260381045,0.8751777605065,1,XPS,Gold (Au)
1077.8700537371762,0.8742676553196432,1,XPS,Gold (Au)
1078.5539814362483,0.9007434314178197,1,XPS,Gold (Au)
1079.23790913532,0.8889652256480003,1,XPS,Gold (Au)
1079.9218368343918,0.8880932764718941,1,XPS,Gold (Au)
1080.6057645334636,0.9003669497730453,1,XPS,Gold (Au)
1081.2896922325353,0.9162549051322,1,XPS,Gold (Au)
1081.9736199316071,0.9082941004768922,1,XPS,Gold (Au)
1082.6575476306791,0.9107584038552563,1,XPS,Gold (Au)
1083.341475329751,0.8901966262508934,1,XPS,Gold (Au)
1084.0254030288227,0.923285817484721,1,XPS,Gold (Au)
1084.7093307278944,0.8925303401976931,1,XPS,Gold (Au)
1085.3932584269662,0.8681732408296112,1,XPS,Gold (Au)
1086.077186126038,0.9157583859696533,1,XPS,Gold (Au)
1086.76111382511,0.9294621086698864,1,XPS,Gold (Au)
1087.4450415241818,0.8717717391268601,1,XPS,Gold (Au)
1088.1289692232535,0.9027530714913936,1,XPS,Gold (Au)
1088.8128969223253,0.9250812917144049,1,XPS,Gold (Au)
1089.496824621397,0.9599771374442976,1,XPS,Gold (Au)
1090.1807523204689,0.9326096940919556,1,XPS,Gold (Au)
1090.8646800195409,0.9225010766518106,1,XPS,Gold (Au)
1091.5486077186126,0.9584466034169782,1,XPS,Gold (Au)
1092.2325354176844,0.9567084083671499,1,XPS,Gold (Au)
1092.9164631167562,0.9343298882968809,1,XPS,Gold (Au)
1093.600390815828,0.9350601051677816,1,XPS,Gold (Au)
1094.2843185148997,0.951368258885659,1,XPS,Gold (Au)
1094.9682462139717,0.9249842168397895,1,XPS,Gold (Au)
1095.6521739130435,0.9530316173053467,1,XPS,Gold (Au)
1096.3361016121153,0.9828708287128701,1,XPS,Gold (Au)
1097.020029311187,0.972617508401964,1,XPS,Gold (Au)
1097.7039570102588,0.9383194477736118,1,XPS,Gold (Au)
1098.3878847093306,0.9592752790490432,1,XPS,Gold (Au)
1099.0718124084026,0.9579737668368817,1,XPS,Gold (Au)
1099.7557401074744,0.9780746913921003,1,XPS,Gold (Au)
1100.4396678065461,0.9626421022485806,1,XPS,Gold (Au)
1101.123595505618,0.9730102636001956,1,XPS,Gold (Au)
1101.8075232046897,1.031413927609021,1,XPS,Gold (Au)
1102.4914509037615,1.0267294072986306,1,XPS,Gold (Au)
1103.1753786028335,0.9613976797875862,1,XPS,Gold (Au)
1103.8593063019052,0.9856887446401853,1,XPS,Gold (Au)
1104.543234000977,1.0330745037500533,1,XPS,Gold (Au)
1105.2271617000488,0.9935184483142547,1,XPS,Gold (Au)
1105.9110893991206,0.9845550584289768,1,XPS,Gold (Au)
1106.5950170981926,1.021003232372322,1,XPS,Gold (Au)
1107.2789447972643,0.9968874154698382,1,XPS,Gold (Au)
1107.962872496336,1.024207993708036,1,XPS,Gold (Au)
1108.6468001954079,1.0323736290502732,1,XPS,Gold (Au)
1109.3307278944797,1.003193392677694,1,XPS,Gold (Au)
1110.0146555935514,1.0354331693695233,1,XPS,Gold (Au)
1110.6985832926234,1.0192223706836794,1,XPS,Gold (Au)
1111.3825109916952,1.0431646413430582,1,XPS,Gold (Au)
1112.066438690767,1.041993836834784,1,XPS,Gold (Au)
1112.7503663898387,1.0220836969423264,1,XPS,Gold (Au)
1113.4342940889105,1.008412479784449,1,XPS,Gold (Au)
1114.1182217879823,1.044504801220973,1,XPS,Gold (Au)
1114.8021494870543,1.030337520554971,1,XPS,Gold (Au)
1115.486077186126,1.0404190927870816,1,XPS,Gold (Au)
1116.1700048851978,1.0281201803737963,1,XPS,Gold (Au)
1116.8539325842696,1.0504345568706557,1,XPS,Gold (Au)
1117.5378602833414,1.109287078681649,1,XPS,Gold (Au)
1118.2217879824132,1.042985267181325,1,XPS,Gold (Au)
1118.9057156814852,1.0713159766383913,1,XPS,Gold (Au)
1119.589643380557,1.0750241323503391,1,XPS,Gold (Au)
1120.2735710796287,1.0600750000009909,1,XPS,Gold (Au)
1120.9574987787005,1.074095009565117,1,XPS,Gold (Au)
1121.6414264777723,1.055124594458778,1,XPS,Gold (Au)
1122.325354176844,1.080139167092142,1,XPS,Gold (Au)
1123.009281875916,1.0713715164530078,1,XPS,Gold (Au)
1123.6932095749878,1.0832792328854033,1,XPS,Gold (Au)
1124.3771372740596,1.0881201742782594,1,XPS,Gold (Au)
1125.0610649731314,1.1230643009591308,1,XPS,Gold (Au)
1125.7449926722031,1.1099088751532256,1,XPS,Gold (Au)
1126.428920371275,1.0889707310157348,1,XPS,Gold (Au)
1127.112848070347,1.1005806861803697,1,XPS,Gold (Au)
1127.7967757694187,1.0974407736115055,1,XPS,Gold (Au)
1128.4807034684904,1.090965866727472,1,XPS,Gold (Au)
1129.1646311675622,1.0839171063192552,1,XPS,Gold (Au)
1129.848558866634,1.1097697408321485,1,XPS,Gold (Au)
1130.5324865657058,1.1254379427961507,1,XPS,Gold (Au)
1131.2164142647778,1.0834386993598815,1,XPS,Gold (Au)
1131.9003419638495,1.146642415161413,1,XPS,Gold (Au)
1132.5842696629213,1.1353865025522543,1,XPS,Gold (Au)
1133.268197361993,1.1119977890479336,1,XPS,Gold (Au)
1133.9521250610649,1.0683104951340137,1,XPS,Gold (Au)
1134.6360527601369,1.0948181090548195,1,XPS,Gold (Au)
1135.3199804592086,1.142036122632795,1,XPS,Gold (Au)
1136.0039081582804,1.1033233056585967,1,XPS,Gold (Au)
1136.6878358573522,1.1162100715416126,1,XPS,Gold (Au)
1137.371763556424,1.115921958376101,1,XPS,Gold (Au)
1138.0556912554957,1.1692585027280915,1,XPS,Gold (Au)
1138.7396189545677,1.1597684833915207,1,XPS,Gold (Au)
1139.4235466536395,1.1285250348096263,1,XPS,Gold (Au)
1140.1074743527113,1.1492369321423486,1,XPS,Gold (Au)
1140.791402051783,1.140270345816767,1,XPS,Gold (Au)
1141.4753297508548,1.139489046697757,1,XPS,Gold (Au)
1142.1592574499266,1.1549457207624925,1,XPS,Gold (Au)
1142.8431851489986,1.1255235939445398,1,XPS,Gold (Au)
1143.5271128480704,1.1732454611355125,1,XPS,Gold (Au)
1144.2110405471421,1.1823069476166495,1,XPS,Gold (Au)
1144.894968246214,1.1768755912964333,1,XPS,Gold (Au)
1145.5788959452857,1.1613271042856206,1,XPS,Gold (Au)
1146.2628236443575,1.157899497021688,1,XPS,Gold (Au)
1146.9467513434295,1.1440725583286522,1,XPS,Gold (Au)
1147.6306790425012,1.158740378856856,1,XPS,Gold (Au)
1148.314606741573,1.1763314619399885,1,XPS,Gold (Au)
1148.9985344406448,1.143848035015294,1,XPS,Gold (Au)
1149.6824621397166,1.1929088612498226,1,XPS,Gold (Au)
1150.3663898387883,1.1844937814524028,1,XPS,Gold (Au)
1151.0503175378603,1.1897219308655875,1,XPS,Gold (Au)
1151.734245236932,1.1808405805315463,1,XPS,Gold (Au)
1152.4181729360039,1.1770123799242491,1,XPS,Gold (Au)
1153.1021006350757,1.1914402346165625,1,XPS,Gold (Au)
1153.7860283341474,1.1784043290494441,1,XPS,Gold (Au)
1154.4699560332192,1.1981356472783549,1,XPS,Gold (Au)
1155.1538837322912,1.174925694396649,1,XPS,Gold (Au)
1155.837811431363,1.2087560713812897,1,XPS,Gold (Au)
1156.5217391304348,1.2302237472120023,1,XPS,Gold (Au)
1157.2056668295065,1.1756778609844305,1,XPS,Gold (Au)
1157.8895945285783,1.1892750320645373,1,XPS,Gold (Au)
1158.5735222276503,1.1938447733547477,1,XPS,Gold (Au)
1159.257449926722,1.2112068525924844,1,XPS,Gold (Au)
1159.9413776257938,1.2272435852012322,1,XPS,Gold (Au)
1160.6253053248656,1.2075882355686387,1,XPS,Gold (Au)
1161.3092330239374,1.2204284398199874,1,XPS,Gold (Au)
1161.9931607230092,1.2391363197624612,1,XPS,Gold (Au)
1162.6770884220812,1.238788660117596,1,XPS,Gold (Au)
1163.361016121153,1.2361748389188767,1,XPS,Gold (Au)
1164.0449438202247,1.23138330291582,1,XPS,Gold (Au)
1164.7288715192965,1.24400147526262,1,XPS,Gold (Au)
1165.4127992183683,1.2319556583403937,1,XPS,Gold (Au)
1166.09672691744,1.2364781343650377,1,XPS,Gold (Au)
1166.780654616512,1.2574251101661915,1,XPS,Gold (Au)
1167.4645823155838,1.237792221590641,1,XPS,Gold (Au)
1168.1485100146556,1.2185582735567166,1,XPS,Gold (Au)
1168.8324377137274,1.2560860914679977,1,XPS,Gold (Au)
1169.5163654127991,1.229337047520698,1,XPS,Gold (Au)
1170.200293111871,1.252364105423708,1,XPS,Gold (Au)
1170.884220810943,1.2564961195275381,1,XPS,Gold (Au)
1171.5681485100147,1.2549672820106035,1,XPS,Gold (Au)
1172.2520762090865,1.2576309565643935,1,XPS,Gold (Au)
1172.9360039081582,1.2608834330560186,1,XPS,Gold (Au)
1173.61993160723,1.2830531152656308,1,XPS,Gold (Au)
1174.3038593063018,1.2525680213567039,1,XPS,Gold (Au)
1174.9877870053738,1.2844025019160574,1,XPS,Gold (Au)
1175.6717147044455,1.2725847175859177,1,XPS,Gold (Au)
1176.3556424035173,1.2471267758514075,1,XPS,Gold (Au)
1177.039570102589,1.2822691978213956,1,XPS,Gold (Au)
1177.7234978016609,1.2699364676325107,1,XPS,Gold (Au)
1178.4074255007326,1.3030652033811716,1,XPS,Gold (Au)
1179.0913531998046,1.2691602138112594,1,XPS,Gold (Au)
1179.7752808988764,1.301394775432893,1,XPS,Gold (Au)
1180.4592085979482,1.2738607053908027,1,XPS,Gold (Au)
1181.14313629702,1.2805666577430357,1,XPS,Gold (Au)
1181.8270639960917,1.2872841706086142,1,XPS,Gold (Au)
1182.5109916951635,1.283154912239863,1,XPS,Gold (Au)
1183.1949193942355,1.297289032148307,1,XPS,Gold (Au)
1183.8788470933073,1.2688200608390272,1,XPS,Gold (Au)
1184.562774792379,1.2825503358821086,1,XPS,Gold (Au)
1185.2467024914508,1.274723527545766,1,XPS,Gold (Au)
1185.9306301905226,1.3168297031155303,1,XPS,Gold (Au)
1186.6145578895946,1.3224798158144917,1,XPS,Gold (Au)
1187.2984855886664,1.3052018100188032,1,XPS,Gold (Au)
1187.9824132877382,1.3156850252340426,1,XPS,Gold (Au)
1188.66634098681,1.3155197808776922,1,XPS,Gold (Au)
1189.3502686858817,1.3274498514379052,1,XPS,Gold (Au)
1190.0341963849535,1.301606263926838,1,XPS,Gold (Au)
1190.7181240840255,1.3179539792874415,1,XPS,Gold (Au)
1191.4020517830972,1.3347274284717843,1,XPS,Gold (Au)
1192.085979482169,1.3371008274320908,1,XPS,Gold (Au)
1192.7699071812408,1.3258769745946073,1,XPS,Gold (Au)
1193.4538348803126,1.344889177903941,1,XPS,Gold (Au)
1194.1377625793843,1.2759114406235743,1,XPS,Gold (Au)
1194.8216902784563,1.341367590781319,1,XPS,Gold (Au)
1195.5056179775281,1.3087657450144563,1,XPS,Gold (Au)
1196.1895456766,1.2887162360601583,1,XPS,Gold (Au)
1196.8734733756717,1.3312359874372703,1,XPS,Gold (Au)
1197.5574010747434,1.3699996521063327,1,XPS,Gold (Au)
1198.2413287738152,1.3293738861304545,1,XPS,Gold (Au)
1198.9252564728872,1.3614701168571257,1,XPS,Gold (Au)
1199.609184171959,1.3714804751020082,1,XPS,Gold (Au)
1200.2931118710308,1.3632232293677107,1,XPS,Gold (Au)
1200.9770395701025,1.3843564733554952,1,XPS,Gold (Au)
1201.6609672691743,1.374399297188412,1,XPS,Gold (Au)
1202.344894968246,1.3506499979647157,1,XPS,Gold (Au)
1203.028822667318,1.3366876775045828,1,XPS,Gold (Au)
1203.7127503663899,1.3487151844621559,1,XPS,Gold (Au)
1204.3966780654616,1.3485635460790033,1,XPS,Gold (Au)
1205.0806057645334,1.3883724833649826,1,XPS,Gold (Au)
1205.7645334636052,1.3489506523972976,1,XPS,Gold (Au)
1206.448461162677,1.377681240444796,1,XPS,Gold (Au)
1207.132388861749,1.3790914147990359,1,XPS,Gold (Au)
1207.8163165608207,1.3707838812667403,1,XPS,Gold (Au)
1208.5002442598925,1.3936170486567132,1,XPS,Gold (Au)
1209.1841719589643,1.3652756914700417,1,XPS,Gold (Au)
1209.868099658036,1.3958230543028627,1,XPS,Gold (Au)
1210.5520273571078,1.3695880170317531,1,XPS,Gold (Au)
1211.2359550561798,1.3629727876846693,1,XPS,Gold (Au)
1211.9198827552516,1.3680441657558045,1,XPS,Gold (Au)
1212.6038104543234,1.3945684833339995,1,XPS,Gold (Au)
1213.2877381533951,1.3699301262953436,1,XPS,Gold (Au)
1213.971665852467,1.3811529178271913,1,XPS,Gold (Au)
1214.655593551539,1.3763376304327748,1,XPS,Gold (Au)
1215.3395212506107,1.3929250189309326,1,XPS,Gold (Au)
1216.0234489496825,1.3652553373104583,1,XPS,Gold (Au)
1216.7073766487542,1.4006742645157697,1,XPS,Gold (Au)
1217.391304347826,1.405451565675327,1,XPS,Gold (Au)
1218.0752320468978,1.3608876331723114,1,XPS,Gold (Au)
1218.7591597459698,1.384348217705571,1,XPS,Gold (Au)
1219.4430874450416,1.383494315253811,1,XPS,Gold (Au)
1220.1270151441133,1.4164956876058723,1,XPS,Gold (Au)
1220.810942843185,1.428592776858676,1,XPS,Gold (Au)
1221.4948705422569,1.3668580782686397,1,XPS,Gold (Au)
1222.1787982413286,1.405682869394676,1,XPS,Gold (Au)
1222.8627259404007,1.400633417989425,1,XPS,Gold (Au)
1223.5466536394724,1.415537315155234,1,XPS,Gold (Au)
1224.2305813385442,1.4349588998503962,1,XPS,Gold (Au)
1224.914509037616,1.3910676762716154,1,XPS,Gold (Au)
1225.5984367366877,1.4248372304400425,1,XPS,Gold (Au)
1226.2823644357595,1.4118980409155741,1,XPS,Gold (Au)
1226.9662921348315,1.4465469343383648,1,XPS,Gold (Au)
1227.6502198339033,1.4188663088064037,1,XPS,Gold (Au)
1228.334147532975,1.4549188821709917,1,XPS,Gold (Au)
1229.0180752320468,1.4152319424213113,1,XPS,Gold (Au)
1229.7020029311186,1.4140249862114298,1,XPS,Gold (Au)
1230.3859306301904,1.4104430240646477,1,XPS,Gold (Au)
1231.0698583292624,1.4128061999731416,1,XPS,Gold (Au)
1231.7537860283342,1.3961202882985684,1,XPS,Gold (Au)
1232.437713727406,1.4336923542892424,1,XPS,Gold (Au)
1233.1216414264777,1.4418777220785584,1,XPS,Gold (Au)
1233.8055691255495,1.3989834447302758,1,XPS,Gold (Au)
1234.4894968246213,1.4575940908704805,1,XPS,Gold (Au)
1235.1734245236933,1.4264019363644522,1,XPS,Gold (Au)
1235.857352222765,1.4429467642570808,1,XPS,Gold (Au)
1236.5412799218368,1.4874289097673745,1,XPS,Gold (Au)
1237.2252076209086,1.456348379699072,1,XPS,Gold (Au)
1237.9091353199804,1.4464940299743114,1,XPS,Gold (Au)
1238.5930630190521,1.4360311978931701,1,XPS,Gold (Au)
1239.2769907181241,1.4147161182977395,1,XPS,Gold (Au)
1239.960918417196,1.4353525162979337,1,XPS,Gold (Au)
1240.6448461162677,1.464042636594869,1,XPS,Gold (Au)
1241.3287738153394,1.45427645927583,1,XPS,Gold (Au)
1242.0127015144112,1.4567225289101209,1,XPS,Gold (Au)
1242.6966292134832,1.4794254410494945,1,XPS,Gold (Au)
1243.380556912555,1.4462596285287597,1,XPS,Gold (Au)
1244.0644846116268,1.454174529337321,1,XPS,Gold (Au)
1244.7484123106985,1.4685699352216515,1,XPS,Gold (Au)
1245.4323400097703,1.472176721583341,1,XPS,Gold (Au)
1246.116267708842,1.4454243440869625,1,XPS,Gold (Au)
1246.800195407914,1.5045417242005412,1,XPS,Gold (Au)
1247.4841231069859,1.480864210905502,1,XPS,Gold (Au)
1248.1680508060576,1.478777645957667,1,XPS,Gold (Au)
1248.8519785051294,1.4872720059515327,1,XPS,Gold (Au)
1249.5359062042012,1.4835169482523958,1,XPS,Gold (Au)
1250.219833903273,1.5020633032096296,1,XPS,Gold (Au)
1250.903761602345,1.4929129982590683,1,XPS,Gold (Au)
1251.5876893014167,1.4630441176192568,1,XPS,Gold (Au)
1252.2716170004885,1.4887821938962862,1,XPS,Gold (Au)
1252.9555446995603,1.473084547947133,1,XPS,Gold (Au)
1253.639472398632,1.4999110935288191,1,XPS,Gold (Au)
1254.3234000977038,1.4864550083219752,1,XPS,Gold (Au)
1255.0073277967758,1.502830945347027,1,XPS,Gold (Au)
1255.6912554958476,1.498566984028087,1,XPS,Gold (Au)
1256.3751831949194,1.4772069278981637,1,XPS,Gold (Au)
1257.0591108939911,1.4981912362381702,1,XPS,Gold (Au)
1257.743038593063,1.5194598782317765,1,XPS,Gold (Au)
1258.4269662921347,1.5009988324507213,1,XPS,Gold (Au)
1259.1108939912067,1.4839967969732843,1,XPS,Gold (Au)
1259.7948216902785,1.5261602186330858,1,XPS,Gold (Au)
1260.4787493893502,1.5058516249588274,1,XPS,Gold (Au)
1261.162677088422,1.5509824058550155,1,XPS,Gold (Au)
1261.8466047874938,1.5292170051743423,1,XPS,Gold (Au)
1262.5305324865656,1.511411752331674,1,XPS,Gold (Au)
1263.2144601856376,1.5627808894166133,1,XPS,Gold (Au)
1263.8983878847093,1.4991790741888464,1,XPS,Gold (Au)
1264.582315583781,1.5388400327887108,1,XPS,Gold (Au)
1265.2662432828529,1.5685039815435518,1,XPS,Gold (Au)
1265.9501709819247,1.5214634519128327,1,XPS,Gold (Au)
1266.6340986809967,1.568946317751518,1,XPS,Gold (Au)
1267.3180263800684,1.5285226691364184,1,XPS,Gold (Au)
1268.0019540791402,1.5632425781543737,1,XPS,Gold (Au)
1268.685881778212,1.531814488558512,1,XPS,Gold (Au)
1269.3698094772838,1.55441923609078,1,XPS,Gold (Au)
1270.0537371763555,1.5507704952263468,1,XPS,Gold (Au)
1270.7376648754275,1.5475242853845919,1,XPS,Gold (Au)
1271.4215925744993,1.5217624248418604,1,XPS,Gold (Au)
1272.105520273571,1.5795461328558635,1,XPS,Gold (Au)
1272.7894479726428,1.5175769662539766,1,XPS,Gold (Au)
1273.4733756717146,1.5571930237076335,1,XPS,Gold (Au)
1274.1573033707864,1.5737770513300247,1,XPS,Gold (Au)
1274.8412310698584,1.5399150500570884,1,XPS,Gold (Au)
1275.5251587689302,1.557447860673483,1,XPS,Gold (Au)
1276.209086468002,1.5507661278658464,1,XPS,Gold (Au)
1276.8930141670737,1.5578386105797741,1,XPS,Gold (Au)
1277.5769418661455,1.574307978620388,1,XPS,Gold (Au)
1278.2608695652173,1.5802335563968752,1,XPS,Gold (Au)
1278.9447972642893,1.5870232003240707,1,XPS,Gold (Au)
1279.628724963361,1.5910101269069892,1,XPS,Gold (Au)
1280.3126526624328,1.57318147807062,1,XPS,Gold (Au)
1280.9965803615046,1.569746190328006,1,XPS,Gold (Au)
1281.6805080605764,1.5578449376052148,1,XPS,Gold (Au)
1282.3644357596481,1.5683986835887873,1,XPS,Gold (Au)
1283.0483634587201,1.5850833680035084,1,XPS,Gold (Au)
1283.732291157792,1.6103988684976904,1,XPS,Gold (Au)
1284.4162188568637,1.580688670750476,1,XPS,Gold (Au)
1285.1001465559355,1.5892852644748037,1,XPS,Gold (Au)
1285.7840742550072,1.604579808674569,1,XPS,Gold (Au)
1286.468001954079,1.6105156946463464,1,XPS,Gold (Au)
1287.151929653151,1.5885798012475256,1,XPS,Gold (Au)
1287.8358573522228,1.603030610384575,1,XPS,Gold (Au)
1288.5197850512945,1.597738749692963,1,XPS,Gold (Au)
1289.2037127503663,1.584866857703493,1,XPS,Gold (Au)
1289.887640449438,1.6044998953036407,1,XPS,Gold (Au)
1290.5715681485099,1.594384312290059,1,XPS,Gold (Au)
1291.2554958475819,1.5987038160687475,1,XPS,Gold (Au)
1291.9394235466536,1.6128469441253634,1,XPS,Gold (Au)
1292.6233512457254,1.6094610022624056,1,XPS,Gold (Au)
1293.3072789447972,1.5813293573614786,1,XPS,Gold (Au)
1293.991206643869,1.6015354702872477,1,XPS,Gold (Au)
1294.675134342941,1.6454640709621893,1,XPS,Gold (Au)
1295.3590620420127,1.6285405350065871,1,XPS,Gold (Au)
1296.0429897410845,1.6357874769310963,1,XPS,Gold (Au)
1296.7269174401563,1.6378936734199645,1,XPS,Gold (Au)
1297.410845139228,1.6047960632016043,1,XPS,Gold (Au)
1298.0947728382998,1.6467204282317462,1,XPS,Gold (Au)
1298.7787005373718,1.624921258680687,1,XPS,Gold (Au)
1299.4626282364436,1.6448530892164095,1,XPS,Gold (Au)
1300.1465559355154,1.6421078742421644,1,XPS,Gold (Au)
1300.8304836345872,1.6009160183301345,1,XPS,Gold (Au)
1301.514411333659,1.6082376953408066,1,XPS,Gold (Au)
1302.1983390327307,1.6121913224254687,1,XPS,Gold (Au)
1302.8822667318027,1.6438773486903873,1,XPS,Gold (Au)
1303.5661944308745,1.6739851257632552,1,XPS,Gold (Au)
1304.2501221299462,1.6780944127867277,1,XPS,Gold (Au)
1304.934049829018,1.6478702180761398,1,XPS,Gold (Au)
1305.6179775280898,1.670341841481883,1,XPS,Gold (Au)
1306.3019052271616,1.6185611630847843,1,XPS,Gold (Au)
1306.9858329262336,1.6455666498665003,1,XPS,Gold (Au)
1307.6697606253053,1.6309963714249895,1,XPS,Gold (Au)
1308.3536883243771,1.643029374024629,1,XPS,Gold (Au)
1309.037616023449,1.6513182001261602,1,XPS,Gold (Au)
1309.7215437225207,1.6291864946037868,1,XPS,Gold (Au)
1310.4054714215924,1.638579845294052,1,XPS,Gold (Au)
1311.0893991206644,1.687713817485396,1,XPS,Gold (Au)
1311.7733268197362,1.6456339937017734,1,XPS,Gold (Au)
1312.457254518808,1.6622809780209928,1,XPS,Gold (Au)
1313.1411822178798,1.6973757185929428,1,XPS,Gold (Au)
1313.8251099169515,1.6592374418300027,1,XPS,Gold (Au)
1314.5090376160233,1.625505467283507,1,XPS,Gold (Au)
1315.1929653150953,1.6607749631315687,1,XPS,Gold (Au)
1315.876893014167,1.688205084429737,1,XPS,Gold (Au)
1316.5608207132389,1.7235777027067416,1,XPS,Gold (Au)
1317.2447484123106,1.6568150317431505,1,XPS,Gold (Au)
1317.9286761113824,1.672421222566292,1,XPS,Gold (Au)
1318.6126038104542,1.679257582129154,1,XPS,Gold (Au)
1319.2965315095262,1.688981085543539,1,XPS,Gold (Au)
1319.980459208598,1.7494883976733373,1,XPS,Gold (Au)
1320.6643869076697,1.6485181122292933,1,XPS,Gold (Au)
1321.3483146067415,1.6896860923995705,1,XPS,Gold (Au)
1322.0322423058133,1.6855751219603994,1,XPS,Gold (Au)
1322.7161700048853,1.7106117760283623,1,XPS,Gold (Au)
1323.400097703957,1.6876975427280663,1,XPS,Gold (Au)
1324.0840254030288,1.7141070953075817,1,XPS,Gold (Au)
1324.7679531021006,1.6815785504040002,1,XPS,Gold (Au)
1325.4518808011724,1.6961867167019555,1,XPS,Gold (Au)
1326.1358085002441,1.698377161726212,1,XPS,Gold (Au)
1326.8197361993161,1.6930930283945722,1,XPS,Gold (Au)
1327.503663898388,1.702155392170549,1,XPS,Gold (Au)
1328.1875915974597,1.692034894529332,1,XPS,Gold (Au)
1328.8715192965315,1.7052091955083186,1,XPS,Gold (Au)
1329.5554469956032,1.7182976897284499,1,XPS,Gold (Au)
1330.239374694675,1.71651390253569,1,XPS,Gold (Au)
1330.923302393747,1.6961410494513258,1,XPS,Gold (Au)
1331.6072300928188,1.7357548847235869,1,XPS,Gold (Au)
1332.2911577918906,1.6922329663988183,1,XPS,Gold (Au)
1332.9750854909623,1.714292631028428,1,XPS,Gold (Au)
1333.659013190034,1.7067367889908063,1,XPS,Gold (Au)
1334.3429408891059,1.7446168023766409,1,XPS,Gold (Au)
1335.0268685881779,1.67357911304199,1,XPS,Gold (Au)
1335.7107962872497,1.7777650176875985,1,XPS,Gold (Au)
1336.3947239863214,1.7200317256479942,1,XPS,Gold (Au)
1337.0786516853932,1.7265808469867636,1,XPS,Gold (Au)
1337.762579384465,1.7250537063831144,1,XPS,Gold (Au)
1338.4465070835367,1.7418882365031516,1,XPS,Gold (Au)
1339.1304347826087,1.7425938641831251,1,XPS,Gold (Au)
1339.8143624816805,1.734723621967213,1,XPS,Gold (Au)
1340.4982901807523,1.7391252348627806,1,XPS,Gold (Au)
1341.182217879824,1.7436231609705275,1,XPS,Gold (Au)
1341.8661455788958,1.7381794161264876,1,XPS,Gold (Au)
1342.5500732779676,1.7360982336419106,1,XPS,Gold (Au)
1343.2340009770396,1.737657922712716,1,XPS,Gold (Au)
1343.9179286761114,1.7712536542099544,1,XPS,Gold (Au)
1344.6018563751832,1.754710518071248,1,XPS,Gold (Au)
1345.285784074255,1.7015794648668345,1,XPS,Gold (Au)
1345.9697117733267,1.789307008171853,1,XPS,Gold (Au)
1346.6536394723985,1.7433609687094433,1,XPS,Gold (Au)
1347.3375671714705,1.7379720324071197,1,XPS,Gold (Au)
1348.0214948705423,1.7557976407176044,1,XPS,Gold (Au)
1348.705422569614,1.7698067955156718,1,XPS,Gold (Au)
1349.3893502686858,1.77270763329317,1,XPS,Gold (Au)
1350.0732779677576,1.7426244784898455,1,XPS,Gold (Au)
1350.7572056668296,1.7675029170985868,1,XPS,Gold (Au)
1351.4411333659014,1.7622898621311647,1,XPS,Gold (Au)
1352.1250610649731,1.7492488983424401,1,XPS,Gold (Au)
1352.808988764045,1.7624608124963348,1,XPS,Gold (Au)
1353.4929164631167,1.7688872959301767,1,XPS,Gold (Au)
1354.1768441621884,1.7751717653208356,1,XPS,Gold (Au)
1354.8607718612604,1.7560602442006208,1,XPS,Gold (Au)
1355.5446995603322,1.7889668021562024,1,XPS,Gold (Au)
1356.228627259404,1.7928128826960585,1,XPS,Gold (Au)
1356.9125549584758,1.7718248770830536,1,XPS,Gold (Au)
1357.5964826575475,1.7943131526234803,1,XPS,Gold (Au)
1358.2804103566193,1.794142786121446,1,XPS,Gold (Au)
1358.9643380556913,1.7900613837687278,1,XPS,Gold (Au)
1359.648265754763,1.8072055394504596,1,XPS,Gold (Au)
1360.3321934538349,1.8166795026701026,1,XPS,Gold (Au)
1361.0161211529066,1.7826592146102749,1,XPS,Gold (Au)
1361.7000488519784,1.8227481556128153,1,XPS,Gold (Au)
1362.3839765510502,1.8023654844800132,1,XPS,Gold (Au)
1363.0679042501222,1.7779951604385515,1,XPS,Gold (Au)
1363.751831949194,1.799953592055432,1,XPS,Gold (Au)
1364.4357596482657,1.8094573341164455,1,XPS,Gold (Au)
1365.1196873473375,1.7864244976881312,1,XPS,Gold (Au)
1365.8036150464093,1.800228828942455,1,XPS,Gold (Au)
1366.487542745481,1.7810718421164955,1,XPS,Gold (Au)
1367.171470444553,1.8075790084857064,1,XPS,Gold (Au)
1367.8553981436248,1.7846057744208466,1,XPS,Gold (Au)
1368.5393258426966,1.806984445197867,1,XPS,Gold (Au)
1369.2232535417684,1.8048227668822932,1,XPS,Gold (Au)
1369.9071812408401,1.7930690332970427,1,XPS,Gold (Au)
1370.591108939912,1.829012251065565,1,XPS,Gold (Au)
1371.275036638984,1.8272158919484836,1,XPS,Gold (Au)
1371.9589643380557,1.7915490587711016,1,XPS,Gold (Au)
1372.6428920371275,1.8052201118195534,1,XPS,Gold (Au)
1373.3268197361992,1.8041872032642068,1,XPS,Gold (Au)
1374.010747435271,1.79802141055725,1,XPS,Gold (Au)
1374.694675134343,1.8176162887847975,1,XPS,Gold (Au)
1375.3786028334148,1.8137211687198944,1,XPS,Gold (Au)
1376.0625305324866,1.8026970228485828,1,XPS,Gold (Au)
1376.7464582315583,1.7779407289891083,1,XPS,Gold (Au)
1377.43038593063,1.828398551598084,1,XPS,Gold (Au)
1378.1143136297019,1.8102334404989884,1,XPS,Gold (Au)
1378.7982413287739,1.8095104704030767,1,XPS,Gold (Au)
1379.4821690278457,1.833833379566157,1,XPS,Gold (Au)
1380.1660967269174,1.8496555865392628,1,XPS,Gold (Au)
1380.8500244259892,1.7972003809852923,1,XPS,Gold (Au)
1381.533952125061,1.7717001386059215,1,XPS,Gold (Au)
1382.2178798241328,1.8353905487712883,1,XPS,Gold (Au)
1382.9018075232048,1.8616033941815648,1,XPS,Gold (Au)
1383.5857352222765,1.8604562286623707,1,XPS,Gold (Au)
1384.2696629213483,1.8320677629854265,1,XPS,Gold (Au)
1384.95359062042,1.8181140052676432,1,XPS,Gold (Au)
1385.6375183194918,1.8445598824848908,1,XPS,Gold (Au)
1386.3214460185636,1.8179023635779246,1,XPS,Gold (Au)
1387.0053737176356,1.8605728519643,1,XPS,Gold (Au)
1387.6893014167074,1.8417461257146297,1,XPS,Gold (Au)
1388.3732291157792,1.8732527043463272,1,XPS,Gold (Au)
1389.057156814851,1.8736846001188214,1,XPS,Gold (Au)
1389.7410845139227,1.8759295449744002,1,XPS,Gold (Au)
1390.4250122129945,1.839636759370319,1,XPS,Gold (Au)
1391.1089399120665,1.8677817731434523,1,XPS,Gold (Au)
1391.7928676111383,1.8234176062268561,1,XPS,Gold (Au)
1392.47679531021,1.8499086177994706,1,XPS,Gold (Au)
1393.1607230092818,1.8423899700167614,1,XPS,Gold (Au)
1393.8446507083536,1.835437713712026,1,XPS,Gold (Au)
1394.5285784074254,1.8690525281365329,1,XPS,Gold (Au)
1395.2125061064974,1.8413496596482604,1,XPS,Gold (Au)
1395.8964338055691,1.8772287194321826,1,XPS,Gold (Au)
1396.580361504641,1.869772798979953,1,XPS,Gold (Au)
1397.2642892037127,1.8517733148240705,1,XPS,Gold (Au)
1397.9482169027845,1.861720201201255,1,XPS,Gold (Au)
1398.6321446018562,1.8607905583679591,1,XPS,Gold (Au)
1399.3160723009282,1.87746304563337,1,XPS,Gold (Au)
1400.0,1.853246121956011,1,XPS,Gold (Au)
